Date,Open,High,Low,Close,Adj Close,Volume
2020-01-02,1675,1980,1675,1715,1412.401855,152600
2020-01-03,1715,1765,1700,1700,1400.048584,105400
2020-01-06,1700,1700,1605,1660,1367.106201,95800
2020-01-07,1660,1665,1610,1645,1354.752808,179600
2020-01-08,1645,1645,1605,1610,1325.928345,32600
2020-01-09,1610,1640,1610,1640,1350.63501,4200
2020-01-10,1650,1650,1635,1640,1350.63501,50600
2020-01-13,1650,1650,1605,1610,1325.928345,119500
2020-01-14,1645,1645,1585,1595,1313.574951,167900
2020-01-15,1595,1600,1590,1590,1309.457153,32400
2020-01-16,1590,1615,1575,1615,1330.046143,117800
2020-01-17,1615,1615,1600,1610,1325.928345,95100
2020-01-20,1600,1625,1600,1620,1334.16394,16400
2020-01-21,1610,1630,1605,1625,1338.281738,178800
2020-01-22,1625,1625,1570,1570,1292.985962,94600
2020-01-23,1570,1585,1550,1560,1284.750488,52300
2020-01-24,1555,1570,1550,1570,1292.985962,24300
2020-01-27,1565,1570,1475,1545,1272.397095,126400
2020-01-28,1500,1545,1470,1545,1272.397095,33700
2020-01-29,1545,1640,1545,1595,1313.574951,20200
2020-01-30,1595,1595,1565,1575,1297.103882,47700
2020-01-31,1575,1575,1525,1550,1276.514893,70200
2020-02-03,1550,1600,1530,1580,1301.22168,42100
2020-02-04,1600,1600,1565,1595,1313.574951,9800
2020-02-05,1605,1610,1555,1560,1284.750488,17300
2020-02-06,1545,1560,1545,1555,1280.63269,39900
2020-02-07,1560,1560,1545,1545,1272.397095,16500
2020-02-10,1545,1545,1540,1540,1268.279297,8700
2020-02-11,1540,1540,1510,1540,1268.279297,16400
2020-02-12,1560,1560,1530,1530,1260.043701,3900
2020-02-13,1530,1550,1500,1550,1276.514893,28100
2020-02-14,1525,1545,1525,1530,1260.043701,1400
2020-02-17,1530,1560,1530,1530,1260.043701,15100
2020-02-18,1505,1600,1505,1580,1301.22168,45000
2020-02-19,1575,1580,1530,1570,1292.985962,12100
2020-02-20,1565,1600,1530,1590,1309.457153,21300
2020-02-21,1570,1580,1545,1560,1284.750488,5000
2020-02-24,1560,1600,1530,1530,1260.043701,27100
2020-02-25,1510,1565,1510,1560,1284.750488,30100
2020-02-26,1560,1560,1530,1530,1260.043701,6900
2020-02-27,1530,1530,1500,1500,1235.337036,42400
2020-02-28,1495,1495,1370,1470,1210.630249,154100
2020-03-02,1470,1475,1440,1440,1185.923462,29200
2020-03-03,1440,1535,1440,1515,1247.690308,17800
2020-03-04,1515,1550,1490,1550,1276.514893,22700
2020-03-05,1560,1575,1525,1530,1260.043701,19700
2020-03-06,1530,1530,1500,1500,1235.337036,25100
2020-03-09,1490,1500,1440,1440,1185.923462,110500
2020-03-10,1440,1450,1420,1430,1177.687988,36300
2020-03-11,1430,1575,1410,1415,1165.334473,110500
2020-03-12,1410,1410,1350,1355,1115.921143,16900
2020-03-13,1330,1370,1265,1275,1050.036377,78900
2020-03-16,1275,1275,1190,1190,980.033936,149600
2020-03-17,1175,1175,1110,1110,914.149414,36500
2020-03-18,1100,1100,1035,1035,852.382507,128300
2020-03-19,1000,1035,965,965,794.733459,139000
2020-03-20,965,1100,955,1000,823.557983,7800
2020-03-23,1000,1045,1000,1000,823.557983,25600
2020-03-24,1000,1085,1000,1085,893.560486,16400
2020-03-26,1100,1150,1100,1150,947.091675,800
2020-03-27,1200,1250,1170,1225,1008.858521,55800
2020-03-30,1220,1220,1200,1200,988.269592,47100
2020-03-31,1200,1200,1160,1200,988.269592,2300
2020-04-01,1230,1235,1230,1230,1012.976257,1500
2020-04-02,1250,1250,1210,1210,996.505127,6400
2020-04-03,1510,1510,1230,1300,1070.625366,92100
2020-04-06,1300,1450,1300,1350,1111.803223,9300
2020-04-07,1400,1400,1260,1260,1037.683105,132500
2020-04-08,1400,1400,1265,1275,1050.036377,8300
2020-04-09,1275,1275,1275,1275,1050.036377,19900
2020-04-13,1300,1400,1300,1315,1082.97876,140500
2020-04-14,1400,1500,1400,1500,1235.337036,406300
2020-04-15,1510,1550,1465,1485,1222.983643,72300
2020-04-16,1485,1525,1385,1390,1144.745605,101900
2020-04-17,1390,1525,1390,1485,1222.983643,17900
2020-04-20,1485,1530,1480,1525,1255.926025,87000
2020-04-21,1505,1530,1435,1450,1194.159058,227200
2020-04-22,1400,1495,1400,1460,1202.394653,16700
2020-04-23,1485,1490,1450,1490,1227.101318,11600
2020-04-24,1485,1520,1455,1520,1251.808105,29900
2020-04-27,1460,1515,1460,1470,1210.630249,7200
2020-04-28,1450,1500,1420,1485,1222.983643,3400
2020-04-29,1500,1510,1485,1510,1243.57251,211200
2020-04-30,1510,1550,1500,1510,1243.57251,19800
2020-05-04,1510,1510,1485,1510,1243.57251,34900
2020-05-05,1510,1530,1500,1505,1239.454834,23300
2020-05-06,1505,1600,1470,1520,1251.808105,170100
2020-05-08,1520,1520,1470,1475,1214.747925,278600
2020-05-11,1475,1500,1455,1475,1214.747925,67300
2020-05-12,1475,1510,1475,1480,1218.865845,9300
2020-05-13,1475,1745,1460,1695,1395.930786,310500
2020-05-14,1660,1710,1610,1690,1391.812988,890700
2020-05-15,1690,1700,1650,1655,1362.988525,91600
2020-05-18,1655,1705,1655,1690,1391.812988,395800
2020-05-19,1690,1700,1690,1700,1400.048584,16900
2020-05-20,1685,1690,1600,1690,1391.812988,72300
2020-05-26,1690,1705,1690,1705,1404.166382,162800
2020-05-27,1700,1700,1675,1695,1395.930786,49900
2020-05-28,1695,1705,1690,1695,1395.930786,477600
2020-05-29,1695,1705,1685,1705,1404.166382,164100
2020-06-02,1705,1705,1690,1690,1391.812988,233700
2020-06-03,1690,1705,1685,1705,1404.166382,327600
2020-06-04,1705,1705,1695,1700,1400.048584,435700
2020-06-05,1700,1700,1650,1700,1400.048584,117600
2020-06-08,1700,1705,1680,1700,1400.048584,438000
2020-06-09,1700,1750,1700,1725,1420.637451,1055900
2020-06-10,1730,1730,1715,1715,1412.401855,232300
2020-06-11,1750,1790,1725,1785,1470.051025,121500
2020-06-12,1755,1800,1700,1790,1474.168701,54800
2020-06-15,1790,1800,1780,1780,1465.933228,333000
2020-06-16,1790,1900,1790,1820,1498.87561,185100
2020-06-17,1820,1880,1800,1830,1507.111084,119300
2020-06-18,1830,1850,1795,1845,1519.464478,134500
2020-06-19,1830,2000,1825,1895,1560.642334,150300
2020-06-22,1900,1970,1895,1930,1589.466919,207400
2020-06-23,1930,1980,1930,1970,1622.409302,86000
2020-06-24,1975,2040,1950,1985,1634.762573,103900
2020-06-25,1985,2010,1970,1985,1634.762573,44300
2020-06-26,2000,2000,1870,1970,1622.409302,43100
2020-06-29,1970,1980,1940,1980,1630.644653,79700
2020-06-30,1980,2000,1970,1995,1642.998047,83100
2020-07-01,2000,2070,2000,2020,1663.587158,153200
2020-07-02,2050,2100,2000,2030,1671.822632,144200
2020-07-03,2050,2050,1990,1990,1638.880493,366200
2020-07-06,1990,2020,1990,2000,1647.115967,83900
2020-07-07,2000,2010,1980,1985,1634.762573,59500
2020-07-08,1990,2000,1980,1985,1634.762573,43100
2020-07-09,1995,2030,1945,1955,1610.055908,74900
2020-07-10,1965,1985,1960,1960,1614.173462,25700
2020-07-13,1960,1995,1960,1980,1630.644653,70000
2020-07-14,2000,2000,1970,1990,1638.880493,42600
2020-07-15,1990,1990,1970,1980,1630.644653,40300
2020-07-16,1990,1995,1990,1990,1638.880493,34800
2020-07-17,1985,2000,1980,1995,1642.998047,24100
2020-07-20,1995,2090,1995,2000,1647.115967,213500
2020-07-21,2060,2060,1995,2000,1647.115967,353800
2020-07-22,2020,2020,1990,2010,1655.35144,291600
2020-07-23,2010,2040,1995,1995,1642.998047,245000
2020-07-24,2010,2010,1995,2010,1655.35144,126200
2020-07-27,2010,2020,2000,2000,1647.115967,72400
2020-07-28,1995,1995,1870,1925,1585.349121,751100
2020-07-29,1925,1930,1800,1900,1564.760254,230800
2020-07-30,1880,1880,1775,1800,1482.404419,597800
2020-08-03,1800,1800,1675,1710,1408.28418,279800
2020-08-04,1710,1835,1700,1835,1511.228882,115600
2020-08-05,1845,1870,1810,1870,1540.053467,81000
2020-08-06,1870,1945,1870,1935,1593.584717,94600
2020-08-07,1950,1950,1910,1920,1581.231323,75600
2020-08-10,1910,1940,1910,1930,1589.466919,110000
2020-08-11,1935,1960,1930,1935,1593.584717,142100
2020-08-12,1925,1960,1925,1960,1614.173462,59900
2020-08-13,1960,1970,1950,1965,1618.291504,89100
2020-08-14,1965,2040,1935,1980,1630.644653,135900
2020-08-18,1980,2000,1955,1985,1634.762573,35200
2020-08-19,2000,2010,1990,2010,1655.35144,342100
2020-08-24,2020,2090,2020,2080,1713.000488,262300
2020-08-25,2080,2150,1940,2000,1647.115967,864900
2020-08-26,2000,2000,1900,1975,1626.5271,79100
2020-08-27,1975,1995,1955,1970,1622.409302,33600
2020-08-28,1995,2000,1985,1990,1638.880493,102100
2020-08-31,2020,2090,1990,2000,1647.115967,495500
2020-09-01,2000,2000,1995,2000,1647.115967,101700
2020-09-02,2000,2020,1995,2000,1647.115967,392700
2020-09-03,1950,1950,1860,1895,1642.781494,402900
2020-09-04,1895,1900,1870,1885,1634.112305,165200
2020-09-07,1895,1895,1840,1870,1621.108887,121900
2020-09-08,1895,1895,1880,1885,1634.112305,32500
2020-09-09,1885,1885,1850,1850,1603.770752,48000
2020-09-10,1845,1845,1725,1725,1495.407959,282200
2020-09-11,1705,1770,1605,1740,1508.411377,113000
2020-09-14,1745,1850,1740,1820,1577.763794,91700
2020-09-15,1820,1820,1760,1770,1534.418579,200200
2020-09-16,1770,1775,1755,1770,1534.418579,51100
2020-09-17,1770,1770,1730,1745,1512.746094,130000
2020-09-18,1745,1800,1735,1790,1551.756592,84600
2020-09-21,1790,1790,1760,1760,1525.749512,34200
2020-09-22,1760,1760,1720,1730,1499.742432,41900
2020-09-23,1775,1775,1725,1730,1499.742432,8600
2020-09-24,1730,1730,1680,1715,1486.73877,42900
2020-09-25,1740,1740,1700,1715,1486.73877,42200
2020-09-28,1715,1715,1620,1620,1404.383057,108400
2020-09-29,1650,1810,1650,1680,1456.397217,28500
2020-09-30,1680,1690,1640,1675,1452.062866,41400
2020-10-01,1675,1700,1675,1700,1473.735352,14700
2020-10-02,1715,1715,1620,1700,1473.735352,30900
2020-10-05,1700,1700,1650,1700,1473.735352,36200
2020-10-06,1700,1740,1700,1700,1473.735352,29500
2020-10-07,1700,1715,1700,1710,1482.404419,8300
2020-10-08,1710,1715,1705,1715,1486.73877,7000
2020-10-09,1715,1750,1715,1750,1517.080566,32600
2020-10-12,1760,1765,1735,1735,1504.076904,18100
2020-10-13,1740,1750,1730,1740,1508.411377,19200
2020-10-14,1740,1750,1700,1700,1473.735352,57200
2020-10-15,1705,1705,1650,1700,1473.735352,41900
2020-10-16,1675,1715,1675,1675,1452.062866,19500
2020-10-19,1700,1705,1700,1700,1473.735352,20600
2020-10-20,1700,1700,1680,1685,1460.731812,31600
2020-10-21,1680,1690,1650,1685,1460.731812,27900
2020-10-22,1670,1720,1655,1710,1482.404419,13800
2020-10-23,1710,1720,1680,1720,1491.073486,9900
2020-10-26,1730,1735,1720,1720,1491.073486,21900
2020-10-27,1710,1790,1710,1740,1508.411377,72800
2020-11-02,1740,1740,1700,1735,1504.076904,43000
2020-11-03,1735,1760,1725,1740,1508.411377,360300
2020-11-04,1740,1750,1735,1735,1504.076904,10700
2020-11-05,1735,1775,1730,1745,1512.746094,93200
2020-11-06,1750,1775,1740,1775,1538.753052,116400
2020-11-09,1775,1830,1775,1805,1564.760254,60800
2020-11-10,1830,1830,1790,1800,1560.425659,44200
2020-11-11,1825,1835,1805,1815,1573.429199,53900
2020-11-12,1815,1870,1800,1810,1569.094604,119800
2020-11-13,1810,1810,1805,1810,1569.094604,45000
2020-11-16,1810,1810,1775,1775,1538.753052,255300
2020-11-17,1775,1790,1760,1760,1525.749512,139800
2020-11-18,1760,1805,1750,1755,1521.415039,198200
2020-11-19,1750,1755,1740,1750,1517.080566,295000
2020-11-20,1750,1750,1745,1750,1517.080566,105200
2020-11-23,1750,1765,1740,1755,1521.415039,168800
2020-11-24,1755,1770,1745,1755,1521.415039,155100
2020-11-25,1755,1800,1750,1755,1521.415039,58900
2020-11-26,1760,1810,1755,1800,1560.425659,340800
2020-11-27,1810,1845,1810,1810,1569.094604,252200
2020-11-30,1810,1830,1755,1780,1543.087646,438500
2020-12-01,1780,1815,1755,1780,1543.087646,147300
2020-12-02,1795,1795,1780,1795,1556.091187,68800
2020-12-03,1795,1800,1790,1790,1551.756592,138100
2020-12-04,1790,1790,1760,1785,1547.422119,46200
2020-12-07,1790,1805,1785,1790,1551.756592,211900
2020-12-08,1795,1810,1790,1795,1556.091187,56200
2020-12-10,1800,1800,1775,1780,1543.087646,175700
2020-12-11,1775,1780,1770,1780,1543.087646,37100
2020-12-14,1780,1810,1775,1790,1551.756592,68600
2020-12-15,1795,1805,1775,1800,1560.425659,133100
2020-12-16,1800,1810,1795,1805,1564.760254,264800
2020-12-17,1805,1805,1785,1795,1556.091187,64100
2020-12-18,1800,1800,1790,1795,1556.091187,44400
2020-12-21,1805,1855,1800,1835,1590.767212,356200
2020-12-22,1830,1835,1775,1790,1551.756592,263500
2020-12-23,1790,1800,1775,1795,1556.091187,71100
2020-12-28,1795,1810,1790,1805,1564.760254,358200
2020-12-29,1820,1835,1795,1820,1577.763794,102700
2020-12-30,1820,1820,1785,1785,1547.422119,51000
2021-01-04,1785,1815,1785,1815,1573.429199,67400
2021-01-05,1815,1815,1795,1810,1569.094604,404500
2021-01-06,1810,1810,1795,1810,1569.094604,104900
2021-01-07,1810,1820,1805,1815,1573.429199,92400
2021-01-08,1825,1850,1820,1825,1582.098267,180600
2021-01-11,1825,1845,1825,1840,1595.101807,99200
2021-01-12,1845,1850,1830,1845,1599.436279,135300
2021-01-13,1845,1875,1835,1870,1621.108887,378100
2021-01-14,1875,2160,1875,1935,1677.457642,241800
2021-01-15,1945,1945,1900,1900,1647.116089,109600
2021-01-18,1910,1940,1905,1910,1655.784912,73600
2021-01-19,1910,1910,1850,1900,1647.116089,76100
2021-01-20,1900,1905,1890,1905,1651.450439,29800
2021-01-21,1905,1905,1880,1900,1647.116089,137800
2021-01-22,1900,1900,1845,1855,1608.105347,136700
2021-01-25,1855,1860,1830,1850,1603.770752,59600
2021-01-26,1850,1875,1810,1835,1590.767212,131400
2021-01-27,1835,1835,1800,1800,1560.425659,56300
2021-01-28,1805,1805,1710,1725,1495.407959,159100
2021-01-29,1720,1720,1710,1720,1491.073486,116400
2021-02-01,1720,1800,1715,1790,1551.756592,65600
2021-02-02,1790,1815,1775,1795,1556.091187,85900
2021-02-03,1805,1820,1800,1815,1573.429199,23800
2021-02-04,1815,1835,1815,1820,1577.763794,67900
2021-02-05,1820,1825,1800,1825,1582.098267,55300
2021-02-08,1825,1875,1825,1870,1621.108887,61700
2021-02-09,1870,1880,1850,1860,1612.439819,101900
2021-02-10,1860,1885,1840,1855,1608.105347,204300
2021-02-11,1855,1855,1820,1850,1603.770752,45000
2021-02-15,1850,1885,1850,1850,1603.770752,74800
2021-02-16,1850,1875,1850,1855,1608.105347,53200
2021-02-17,1855,1855,1820,1850,1603.770752,41000
2021-02-18,1850,1865,1840,1855,1608.105347,37600
2021-02-19,1850,1855,1835,1845,1599.436279,24500
2021-02-22,1845,1865,1840,1850,1603.770752,19400
2021-02-23,1850,1850,1845,1845,1599.436279,40000
2021-02-24,1845,1850,1825,1840,1595.101807,35800
2021-02-25,1840,1850,1835,1850,1603.770752,23700
2021-02-26,1835,1840,1805,1830,1586.432739,37500
2021-03-01,1840,1850,1830,1840,1595.101807,91600
2021-03-02,1850,1850,1840,1840,1595.101807,44300
2021-03-03,1840,1850,1825,1850,1603.770752,47800
2021-03-04,1860,1860,1840,1840,1595.101807,16700
2021-03-05,1855,1855,1800,1830,1586.432739,26300
2021-03-08,1835,1850,1825,1840,1595.101807,15000
2021-03-09,1850,1850,1800,1830,1586.432739,107400
2021-03-10,1805,1900,1805,1860,1612.439819,35100
2021-03-12,1860,1895,1845,1850,1603.770752,88900
2021-03-15,1860,1870,1830,1840,1595.101807,9500
2021-03-16,1840,1895,1840,1855,1608.105347,13500
2021-03-17,1855,1895,1850,1850,1603.770752,27800
2021-03-18,1865,1895,1850,1860,1612.439819,9000
2021-03-19,1860,1895,1855,1865,1616.774292,17800
2021-03-22,1865,1890,1865,1865,1616.774292,13000
2021-03-23,1890,1890,1860,1860,1612.439819,38100
2021-03-24,1885,1885,1835,1855,1608.105347,16700
2021-03-25,1855,1870,1845,1865,1616.774292,40400
2021-03-26,1855,1880,1855,1880,1629.777954,18600
2021-03-29,1860,1880,1840,1870,1621.108887,15400
2021-03-30,1870,1870,1850,1855,1608.105347,26900
2021-03-31,1855,1860,1830,1850,1603.770752,28700
2021-04-01,1850,1880,1820,1875,1625.443481,294800
2021-04-05,1875,1885,1820,1840,1595.101807,113200
2021-04-06,1840,1870,1820,1830,1586.432739,102400
2021-04-07,1835,1850,1830,1850,1603.770752,42700
2021-04-08,1850,1850,1820,1850,1603.770752,141300
2021-04-09,1850,1850,1845,1850,1603.770752,99400
2021-04-12,1855,1855,1830,1830,1586.432739,20400
2021-04-13,1830,1885,1830,1855,1608.105347,11500
2021-04-14,1855,1865,1850,1850,1603.770752,81800
2021-04-15,1850,1850,1840,1840,1595.101807,11700
2021-04-16,1860,1860,1845,1845,1599.436279,33900
2021-04-19,1845,1870,1845,1850,1603.770752,64000
2021-04-20,1875,1875,1855,1860,1612.439819,10500
2021-04-21,1875,1890,1860,1890,1638.447021,107300
2021-04-22,1900,1900,1860,1870,1621.108887,29300
2021-04-23,1870,1895,1840,1880,1629.777954,54500
2021-04-26,1880,1885,1855,1880,1629.777954,82200
2021-04-27,1880,1880,1855,1880,1629.777954,27400
2021-04-28,1880,1885,1825,1850,1603.770752,208300
2021-04-29,1850,1865,1840,1850,1603.770752,40400
2021-04-30,1850,1865,1835,1860,1612.439819,71000
2021-05-03,1860,1870,1825,1855,1608.105347,221100
2021-05-04,1855,1860,1850,1860,1612.439819,52400
2021-05-05,1860,1870,1855,1855,1608.105347,16900
2021-05-06,1865,1870,1855,1860,1612.439819,35300
2021-05-07,1865,1875,1860,1870,1621.108887,17200
2021-05-10,1870,1910,1865,1885,1634.112305,79900
2021-05-11,1890,1895,1870,1885,1634.112305,171900
2021-05-17,1885,1900,1845,1850,1603.770752,297200
2021-05-18,1850,1890,1845,1890,1638.447021,122300
2021-05-19,1890,2100,1885,2000,1733.806274,551500
2021-05-20,2000,2010,1940,1950,1690.461182,78900
2021-05-21,1950,1995,1910,1965,1703.464722,93600
2021-05-24,1965,2040,1955,1995,1729.471802,53300
2021-05-25,1995,1995,1965,1980,1716.46814,70400
2021-05-27,1980,2020,1960,1995,1729.471802,165800
2021-05-28,1990,2020,1975,2000,1733.806274,68700
2021-05-31,1995,2000,1980,1985,1720.802734,103400
2021-06-02,1990,2040,1980,1990,1725.137329,178600
2021-06-03,2000,2010,1980,1990,1725.137329,842600
2021-06-04,1985,1995,1975,1985,1720.802734,300800
2021-06-07,1995,2000,1960,1960,1699.130127,295000
2021-06-08,1950,1955,1830,1860,1699.130127,193700
2021-06-09,1865,1875,1855,1860,1699.130127,204800
2021-06-10,1880,1880,1865,1875,1712.832764,94200
2021-06-11,1875,1875,1860,1860,1699.130127,40800
2021-06-14,1860,1865,1855,1855,1694.5625,37200
2021-06-15,1860,1860,1850,1855,1694.5625,32000
2021-06-16,1855,1885,1820,1875,1712.832764,306700
2021-06-17,1875,1880,1815,1850,1689.994995,443700
2021-06-18,1850,1850,1750,1795,1639.751953,248600
2021-06-21,1785,1790,1745,1790,1635.184326,135400
2021-06-22,1795,1850,1790,1820,1662.589722,53500
2021-06-23,1820,1820,1790,1810,1653.45459,111900
2021-06-24,1810,1820,1780,1810,1653.45459,24400
2021-06-25,1810,1820,1800,1810,1653.45459,20200
2021-06-28,1810,1810,1790,1790,1635.184326,22300
2021-06-29,1785,1800,1780,1790,1635.184326,15000
2021-06-30,1790,1790,1780,1780,1626.049316,28800
2021-07-01,1775,1795,1770,1780,1626.049316,51600
2021-07-02,1780,1800,1780,1780,1626.049316,130100
2021-07-05,1785,1820,1785,1790,1635.184326,47900
2021-07-06,1795,1810,1775,1780,1626.049316,67400
2021-07-07,1775,1795,1775,1795,1639.751953,49400
2021-07-08,1800,1800,1790,1790,1635.184326,13000
2021-07-09,1790,1790,1775,1790,1635.184326,14100
2021-07-12,1785,1800,1780,1795,1639.751953,12100
2021-07-13,1795,1795,1780,1780,1626.049316,17300
2021-07-14,1785,1785,1770,1775,1621.481689,20200
2021-07-15,1780,1785,1775,1775,1621.481689,24500
2021-07-16,1785,1785,1775,1780,1626.049316,21200
2021-07-19,1780,1790,1770,1780,1626.049316,65700
2021-07-21,1780,1790,1770,1790,1635.184326,28200
2021-07-22,1790,1815,1780,1795,1639.751953,31800
2021-07-23,1795,1805,1790,1790,1635.184326,36100
2021-07-26,1800,1820,1800,1805,1648.886963,7800
2021-07-27,1810,1815,1800,1800,1644.319458,23000
2021-07-28,1800,1805,1780,1790,1635.184326,30900
2021-07-29,1790,1790,1770,1785,1630.616821,22900
2021-07-30,1785,1800,1780,1780,1626.049316,23900
2021-08-02,1790,1795,1760,1795,1639.751953,36500
2021-08-03,1800,1800,1780,1790,1635.184326,30100
2021-08-04,1800,1800,1785,1795,1639.751953,18200
2021-08-05,1795,1795,1785,1795,1639.751953,22300
2021-08-06,1795,1800,1785,1790,1635.184326,20800
2021-08-09,1790,1800,1790,1795,1639.751953,23200
2021-08-10,1795,1800,1790,1790,1635.184326,77400
2021-08-12,1795,1800,1790,1800,1644.319458,27300
2021-08-13,1800,1810,1800,1805,1648.886963,25800
2021-08-16,1805,1805,1795,1805,1648.886963,51200
2021-08-18,1800,1810,1800,1800,1644.319458,42000
2021-08-19,1800,1800,1785,1785,1630.616821,43500
2021-08-20,1785,1800,1780,1800,1644.319458,57600
2021-08-23,1830,1830,1800,1800,1644.319458,44900
2021-08-24,1800,1805,1795,1800,1644.319458,22800
2021-08-25,1800,1800,1795,1800,1644.319458,11900
2021-08-26,1805,1805,1795,1795,1639.751953,24800
2021-08-27,1795,1805,1785,1790,1635.184326,33900
2021-08-30,1785,1800,1780,1780,1626.049316,46200
2021-08-31,1780,1800,1780,1800,1644.319458,38700
2021-09-01,1790,1800,1790,1800,1644.319458,17200
2021-09-02,1800,1800,1790,1795,1639.751953,12800
2021-09-03,1790,1800,1780,1790,1635.184326,13100
2021-09-06,1790,1800,1775,1790,1635.184326,33700
2021-09-07,1790,1795,1790,1795,1639.751953,13600
2021-09-08,1795,1800,1785,1795,1639.751953,19000
2021-09-09,1795,1795,1780,1795,1639.751953,23900
2021-09-10,1790,1795,1785,1785,1630.616821,31900
2021-09-13,1790,1795,1780,1795,1639.751953,16400
2021-09-14,1795,1800,1790,1790,1635.184326,20000
2021-09-15,1790,1800,1785,1795,1639.751953,33200
2021-09-16,1785,1815,1785,1795,1639.751953,12500
2021-09-17,1795,1800,1790,1790,1635.184326,23100
2021-09-20,1790,1790,1775,1775,1621.481689,75200
2021-09-21,1775,1775,1765,1770,1616.914063,54900
2021-09-22,1770,1775,1765,1765,1612.346558,29300
2021-09-23,1775,1790,1760,1775,1621.481689,63100
2021-09-24,1780,1790,1775,1775,1621.481689,26500
2021-09-27,1790,1795,1780,1780,1626.049316,37700
2021-09-28,1780,1795,1765,1785,1630.616821,31600
2021-09-29,1790,1800,1785,1795,1639.751953,55000
2021-09-30,1795,1810,1790,1795,1639.751953,18700
2021-10-01,1795,1795,1775,1795,1639.751953,44400
2021-10-04,1800,1805,1795,1795,1639.751953,27500
2021-10-05,1790,1830,1780,1800,1644.319458,38100
2021-10-06,1815,1825,1790,1810,1653.45459,89700
2021-10-07,1810,1815,1800,1800,1644.319458,23200
2021-10-08,1800,1810,1795,1805,1648.886963,105600
2021-10-11,1810,1810,1800,1810,1653.45459,61300
2021-10-12,1805,1820,1780,1790,1635.184326,231000
2021-10-13,1790,1875,1790,1820,1662.589722,118300
2021-10-14,1820,1850,1810,1840,1680.859863,49600
2021-10-15,1840,1870,1835,1865,1703.697754,183300
2021-10-18,1865,1865,1845,1855,1694.5625,53000
2021-10-19,1850,1850,1820,1830,1671.724854,90500
2021-10-21,1830,1840,1815,1820,1662.589722,50200
2021-10-22,1825,1875,1820,1850,1689.994995,162900
2021-10-25,1850,1950,1850,1940,1772.21106,283400
2021-10-26,1940,1965,1910,1910,1744.805664,274700
2021-10-27,1920,1920,1885,1905,1740.238159,65900
2021-10-28,1905,1905,1875,1875,1712.832764,64100
2021-10-29,1875,1920,1875,1900,1735.670654,108700
2021-11-01,1900,1905,1895,1895,1731.102905,29200
2021-11-02,1900,1910,1895,1900,1735.670654,15800
2021-11-03,1905,1915,1880,1905,1740.238159,48300
2021-11-04,1910,1915,1910,1910,1744.805664,24700
2021-11-05,1900,1910,1820,1910,1744.805664,73000
2021-11-08,1910,1910,1890,1890,1726.5354,30700
2021-11-09,1890,1920,1855,1900,1735.670654,37100
2021-11-10,1905,1910,1880,1910,1744.805664,22700
2021-11-11,1910,1910,1890,1900,1735.670654,121600
2021-11-12,1880,1905,1860,1905,1740.238159,17900
2021-11-15,1905,1930,1905,1925,1758.508301,162000
2021-11-16,1925,1940,1910,1930,1763.075806,144400
2021-11-17,1930,1950,1930,1935,1767.643433,79600
2021-11-18,1935,1935,1910,1935,1767.643433,26900
2021-11-19,1930,1980,1920,1925,1758.508301,54800
2021-11-22,1925,1925,1905,1910,1744.805664,16700
2021-11-23,1910,1940,1910,1930,1763.075806,12500
2021-11-24,1930,1940,1920,1930,1763.075806,9600
2021-11-25,1930,1940,1910,1940,1772.21106,42400
2021-11-26,1935,1935,1910,1910,1744.805664,66100
2021-11-29,1910,1915,1865,1915,1749.373169,95200
2021-11-30,1910,1910,1890,1890,1726.5354,6500
2021-12-01,1890,1915,1885,1915,1749.373169,36400
2021-12-02,1915,1915,1890,1915,1749.373169,37300
2021-12-03,1915,1930,1900,1930,1763.075806,33100
2021-12-06,1930,1930,1890,1910,1744.805664,27400
2021-12-07,1910,1940,1910,1935,1767.643433,44200
2021-12-08,1935,1935,1900,1925,1758.508301,9400
2021-12-09,1925,1930,1915,1920,1753.940796,6700
2021-12-10,1925,1950,1920,1930,1763.075806,67000
2021-12-13,1925,1935,1910,1915,1749.373169,45900
2021-12-14,1915,1930,1910,1910,1744.805664,31200
2021-12-15,1915,1915,1890,1915,1749.373169,24800
2021-12-16,1910,1920,1885,1890,1726.5354,21900
2021-12-17,1900,1910,1900,1900,1735.670654,22700
2021-12-20,1900,1915,1895,1900,1735.670654,16200
2021-12-21,1900,1910,1895,1895,1731.102905,20200
2021-12-22,1905,1910,1895,1900,1735.670654,23100
2021-12-23,1890,1895,1880,1895,1731.102905,89900
2021-12-24,1895,1900,1885,1885,1721.967896,44200
2021-12-27,1890,1900,1885,1885,1721.967896,69200
2021-12-28,1885,1900,1885,1895,1731.102905,23000
2021-12-29,1890,1900,1890,1890,1726.5354,26300
2021-12-30,1890,1900,1870,1880,1717.400269,25700
2022-01-03,1890,1900,1880,1895,1731.102905,14900
2022-01-04,1900,1915,1900,1900,1735.670654,29100
2022-01-05,1910,1915,1895,1900,1735.670654,21600
2022-01-06,1900,1905,1890,1900,1735.670654,49300
2022-01-07,1900,1915,1890,1890,1726.5354,19100
2022-01-10,1895,1905,1880,1895,1731.102905,27000
2022-01-11,1915,1915,1890,1890,1726.5354,26000
2022-01-12,1890,1910,1885,1885,1721.967896,21200
2022-01-13,1885,1910,1885,1905,1740.238159,25600
2022-01-14,1905,1905,1885,1905,1740.238159,17800
2022-01-17,1905,1910,1885,1890,1726.5354,18800
2022-01-18,1890,1900,1875,1885,1721.967896,20200
2022-01-19,1885,1895,1870,1875,1712.832764,47300
2022-01-20,1875,1905,1875,1890,1726.5354,22400
2022-01-21,1885,1895,1870,1890,1726.5354,13600
2022-01-24,1890,1895,1885,1885,1721.967896,31300
2022-01-25,1890,1900,1870,1870,1708.265259,30100
2022-01-26,1870,1890,1870,1880,1717.400269,15500
2022-01-27,1895,1895,1870,1880,1717.400269,33700
2022-01-28,1880,1890,1855,1875,1712.832764,33200
2022-01-31,1880,1895,1870,1880,1717.400269,31900
2022-02-02,1875,1900,1870,1895,1731.102905,14500
2022-02-03,1895,1900,1875,1880,1717.400269,21900
2022-02-04,1880,1890,1870,1890,1726.5354,10700
2022-02-07,1890,1950,1880,1945,1776.778564,134200
2022-02-08,1940,1965,1880,1910,1744.805664,69600
2022-02-09,1910,1950,1910,1925,1758.508301,36700
2022-02-10,1930,1935,1915,1920,1753.940796,4800
2022-02-11,1920,1950,1915,1930,1763.075806,39300
2022-02-14,1930,1950,1910,1930,1763.075806,20400
2022-02-15,1930,1960,1885,1950,1781.346069,148100
2022-02-16,1950,1975,1925,1955,1785.913696,57400
2022-02-17,1955,1955,1925,1935,1767.643433,6100
2022-02-18,1935,1935,1920,1920,1753.940796,22600
2022-02-21,1910,1950,1885,1935,1767.643433,43900
2022-02-22,1930,1935,1920,1920,1753.940796,27400
2022-02-23,1920,1920,1905,1905,1740.238159,67200
2022-02-24,1905,1965,1900,1905,1740.238159,103500
2022-02-25,1905,1915,1890,1895,1731.102905,124900
2022-03-01,1895,1915,1860,1895,1731.102905,166800
2022-03-02,1905,1920,1885,1900,1735.670654,37100
2022-03-04,1915,1920,1880,1885,1721.967896,80300
2022-03-07,1890,1890,1850,1875,1712.832764,188400
2022-03-08,1875,1905,1765,1860,1699.130127,79100
2022-03-09,1860,1895,1850,1860,1699.130127,93400
2022-03-10,1860,1890,1860,1880,1717.400269,19100
2022-03-11,1880,1880,1855,1855,1694.5625,55600
2022-03-14,1855,1890,1850,1850,1689.994995,58200
2022-03-15,1850,1865,1845,1845,1685.42749,79800
2022-03-16,1845,1885,1840,1840,1680.859863,100800
2022-03-17,1840,1880,1840,1855,1694.5625,78300
2022-03-18,1855,1870,1850,1860,1699.130127,10900
2022-03-21,1860,1865,1835,1850,1689.994995,111700
2022-03-22,1860,1865,1830,1855,1694.5625,93700
2022-03-23,1865,1865,1840,1865,1703.697754,66700
2022-03-24,1865,1865,1830,1830,1671.724854,244000
2022-03-25,1860,1865,1840,1840,1680.859863,87500
2022-03-28,1850,1865,1830,1865,1703.697754,103500
2022-03-29,1865,1875,1845,1860,1699.130127,61400
2022-03-30,1860,1870,1845,1860,1699.130127,29700
2022-03-31,1870,1870,1860,1860,1699.130127,45800
2022-04-01,1865,1945,1855,1885,1721.967896,83000
2022-04-04,1885,1885,1860,1875,1712.832764,108400
2022-04-05,1875,1890,1855,1870,1708.265259,63700
2022-04-06,1875,1890,1875,1880,1717.400269,21400
2022-04-07,1880,1890,1875,1875,1712.832764,19100
2022-04-08,1875,1885,1860,1870,1708.265259,23300
2022-04-11,1870,1870,1860,1860,1699.130127,20800
2022-04-12,1860,1875,1850,1875,1712.832764,28700
2022-04-13,1870,1890,1855,1875,1712.832764,15300
2022-04-14,1880,1880,1860,1860,1699.130127,41200
2022-04-18,1860,1870,1850,1855,1694.5625,78600
2022-04-19,1850,1860,1850,1850,1689.994995,27000
2022-04-20,1860,1860,1810,1835,1676.292358,191600
2022-04-21,1835,1840,1820,1820,1662.589722,157400
2022-04-22,1820,1860,1820,1835,1676.292358,96600
2022-04-25,1835,1845,1820,1820,1662.589722,56900
2022-04-26,1855,2130,1855,2050,1872.697144,1102300
2022-04-27,2050,2060,1960,2040,1863.562012,232400
2022-04-28,2040,2070,2000,2060,1881.832275,141300
2022-05-09,2070,2070,1955,1995,1822.454102,299500
2022-05-10,1995,2030,1995,2030,1854.427002,322100
2022-05-11,2040,2300,2040,2270,2073.669434,531500
2022-05-12,2280,2700,2270,2510,2292.912109,972100
2022-05-13,2510,2600,2360,2480,2265.506836,262500
2022-05-17,2420,2480,2320,2380,2174.155762,137300
2022-05-18,2370,2570,2300,2430,2219.831299,220200
2022-05-19,2430,2450,2320,2390,2183.290771,59900
2022-05-20,2410,2540,2370,2410,2201.561035,139600
2022-05-23,2410,2460,2350,2400,2192.426025,100900
2022-05-24,2380,2420,2320,2370,2165.020752,114600
2022-05-25,2380,2410,2320,2400,2192.426025,93600
2022-05-27,2400,2530,2400,2500,2283.776855,95200
2022-05-30,2500,2660,2500,2650,2420.803711,174600
2022-05-31,2650,2750,2570,2640,2411.668457,178900
2022-06-02,2640,2700,2560,2620,2393.398438,96200
2022-06-03,2620,2650,2530,2570,2347.722656,79800
2022-06-06,2570,2590,2400,2480,2265.506836,370400
2022-06-07,2480,2480,2400,2480,2265.506836,119700
2022-06-08,2420,2500,2420,2480,2265.506836,38100
2022-06-09,2480,2530,2350,2350,2146.750244,153300
2022-06-10,2340,2400,2320,2320,2119.344971,135800
2022-06-13,2320,2320,2160,2240,2046.26416,261500
2022-06-14,2170,2390,2150,2390,2183.290771,256300
2022-06-15,2390,2390,2270,2310,2110.209961,114200
2022-06-16,2300,2380,2280,2320,2119.344971,186100
2022-06-17,2250,2300,2200,2280,2082.804688,129900
2022-06-20,2280,2310,2150,2260,2064.534424,31200
2022-06-21,2320,2320,2260,2300,2101.074951,11800
2022-06-22,2300,2300,2240,2300,2101.074951,59800
2022-06-23,2310,2320,2270,2270,2073.669434,61000
2022-06-24,2240,2400,2210,2360,2155.885742,92700
2022-06-27,2340,2350,2300,2310,2110.209961,47300
2022-06-28,2310,2370,2310,2350,2146.750244,22800
2022-06-29,2350,2400,2300,2400,2192.426025,141100
2022-06-30,2410,2520,2350,2420,2210.696045,209400
2022-07-01,2430,2460,2260,2390,2183.290771,266800
2022-07-04,2340,2340,2230,2330,2128.480225,197200
2022-07-05,2330,2330,2190,2260,2064.534424,157900
2022-07-06,2260,2260,2210,2230,2037.12915,31600
2022-07-07,2190,2270,2190,2260,2064.534424,18500
2022-07-08,2260,2300,2230,2280,2082.804688,42500
2022-07-11,2290,2320,2280,2290,2091.939941,19900
2022-07-12,2290,2300,2260,2270,2073.669434,4400
2022-07-13,2270,2380,2270,2290,2091.939941,22000
2022-07-14,2310,2310,2280,2300,2101.074951,12600
2022-07-15,2300,2340,2280,2280,2082.804688,11300
2022-07-18,2280,2320,2240,2290,2091.939941,55600
2022-07-19,2300,2340,2300,2330,2128.480225,35700
2022-07-20,2330,2370,2330,2340,2137.615234,27300
2022-07-21,2330,2340,2280,2320,2119.344971,27300
2022-07-22,2280,2370,2250,2370,2165.020752,29100
2022-07-25,2370,2400,2350,2390,2183.290771,36800
2022-07-26,2400,2490,2370,2490,2274.641846,100100
2022-07-27,2490,2600,2460,2550,2329.452637,81300
2022-07-28,2550,2550,2510,2550,2329.452637,35100
2022-07-29,2550,2570,2420,2460,2247.236572,104200
2022-08-01,2460,2550,2460,2520,2302.047363,177400
2022-08-02,2530,2530,2460,2460,2247.236572,30400
2022-08-03,2480,2540,2460,2520,2302.047363,128300
2022-08-04,2520,2560,2520,2550,2329.452637,121000
2022-08-05,2550,2570,2490,2570,2347.722656,359900
2022-08-08,2480,2570,2430,2490,2366.732666,134300
2022-08-09,2480,2520,2420,2420,2300.197998,86800
2022-08-10,2420,2460,2400,2450,2328.712891,26200
2022-08-11,2420,2470,2400,2420,2300.197998,16100
2022-08-12,2450,2450,2390,2440,2319.208008,91600
2022-08-15,2440,2460,2390,2430,2309.703125,224000
2022-08-16,2420,2460,2400,2430,2309.703125,28100
2022-08-18,2430,2430,2390,2410,2290.693115,22900
2022-08-19,2410,2410,2380,2400,2281.188232,35400
2022-08-22,2400,2400,2340,2390,2271.683105,85300
2022-08-23,2390,2390,2320,2380,2262.178223,141300
2022-08-24,2350,2390,2350,2380,2262.178223,6800
2022-08-25,2370,2370,2290,2360,2243.168457,65200
2022-08-26,2360,2360,2260,2280,2167.128662,177300
2022-08-29,2280,2300,2260,2280,2167.128662,27100
2022-08-30,2300,2360,2280,2350,2233.66333,61900
2022-08-31,2350,2370,2310,2370,2252.67334,29800
2022-09-01,2380,2380,2340,2360,2243.168457,19300
2022-09-02,2360,2360,2330,2350,2233.66333,25600
2022-09-05,2350,2400,2330,2360,2243.168457,25300
2022-09-06,2360,2400,2350,2350,2233.66333,41000
2022-09-07,2350,2390,2300,2360,2243.168457,25200
2022-09-08,2380,2400,2350,2360,2243.168457,94100
2022-09-09,2360,2360,2340,2350,2233.66333,7400
2022-09-12,2350,2350,2320,2350,2233.66333,31600
2022-09-13,2350,2370,2350,2350,2233.66333,46500
2022-09-14,2360,2360,2330,2350,2233.66333,133500
2022-09-15,2360,2360,2330,2350,2233.66333,16400
2022-09-16,2340,2360,2310,2340,2224.158447,24500
2022-09-19,2350,2360,2260,2290,2176.633789,211500
2022-09-20,2270,2300,2260,2290,2176.633789,30500
2022-09-21,2300,2300,2250,2300,2186.138672,24000
2022-09-22,2300,2320,2290,2320,2205.148438,11300
2022-09-23,2310,2320,2280,2280,2167.128662,18200
2022-09-26,2280,2280,2260,2260,2148.118896,13500
2022-09-27,2260,2330,2260,2270,2157.623779,7100
2022-09-28,2260,2320,2250,2250,2138.614014,20700
2022-09-29,2250,2290,2230,2230,2119.604004,37500
2022-09-30,2230,2240,2180,2190,2081.584229,43400
2022-10-03,2250,2250,2220,2220,2110.099121,3500
2022-10-04,2220,2280,2220,2230,2119.604004,10100
2022-10-05,2260,2290,2230,2240,2129.108887,9100
2022-10-06,2250,2280,2250,2260,2148.118896,9500
2022-10-07,2270,2270,2240,2260,2148.118896,5800
2022-10-10,2250,2280,2230,2230,2119.604004,14200
2022-10-11,2230,2240,2200,2230,2119.604004,39100
2022-10-12,2220,2220,2200,2200,2091.089111,5800
2022-10-13,2240,2270,2180,2210,2100.593994,33800
2022-10-14,2210,2210,2170,2200,2091.089111,8100
2022-10-17,2210,2210,2170,2190,2081.584229,18100
2022-10-18,2190,2200,2120,2120,2015.049561,44700
2022-10-19,2120,2130,2110,2130,2024.554443,74600
2022-10-20,2120,2270,1985,2090,1986.534668,481300
2022-10-21,2090,2090,2010,2080,1977.029785,71500
2022-10-24,2080,2080,1970,2030,1929.505005,245600
2022-10-25,2040,2040,1995,1995,1896.237671,63000
2022-10-26,1990,2000,1975,1975,1877.227783,150700
2022-10-27,1975,1980,1950,1965,1867.722778,231700
2022-10-28,1965,1985,1960,1965,1867.722778,49300
2022-10-31,1965,1985,1900,1985,1886.732666,78100
2022-11-01,1985,1990,1975,1980,1881.980225,75800
2022-11-02,1985,1985,1955,1955,1858.217896,101000
2022-11-03,1960,1960,1925,1925,1829.703003,66800
2022-11-04,1925,1980,1925,1975,1877.227783,25200
2022-11-07,1985,1985,1970,1970,1872.47522,15900
2022-11-08,1970,1990,1965,1990,1891.485229,24500
2022-11-09,2010,2010,1975,1980,1881.980225,22800
2022-11-10,1980,1980,1955,1970,1872.47522,22400
2022-11-11,1975,1990,1955,1990,1891.485229,21200
2022-11-14,1990,2000,1960,1980,1881.980225,18200
2022-11-15,2000,2000,1970,1980,1881.980225,63300
2022-11-16,1970,1985,1965,1985,1886.732666,33700
2022-11-17,1985,1985,1970,1975,1877.227783,22300
2022-11-18,1975,1980,1970,1970,1872.47522,16200
2022-11-21,1970,1975,1960,1975,1877.227783,35400
2022-11-22,1975,1975,1950,1970,1872.47522,17000
2022-11-23,1970,1975,1955,1970,1872.47522,13500
2022-11-24,1965,1975,1960,1975,1877.227783,20800
2022-11-25,1975,1980,1960,1975,1877.227783,6800
2022-11-28,1980,1980,1945,1980,1881.980225,24200
2022-11-29,1980,1980,1955,1975,1877.227783,7200
2022-11-30,1975,1975,1970,1970,1872.47522,6300
2022-12-01,1970,1980,1950,1975,1877.227783,76000
2022-12-02,1975,1975,1960,1975,1877.227783,7000
2022-12-05,1980,1980,1960,1970,1872.47522,7200
2022-12-06,1970,1980,1950,1955,1858.217896,3200
2022-12-07,1970,1975,1955,1955,1858.217896,8400
2022-12-08,1950,1995,1935,1995,1896.237671,9900
2022-12-09,1990,1990,1885,1915,1820.197998,61700
2022-12-12,1925,1970,1920,1950,1853.465332,5300
2022-12-13,1965,1965,1950,1960,1862.970337,4400
2022-12-14,1960,1960,1950,1955,1858.217896,5100
2022-12-15,1955,1955,1955,1955,1858.217896,5000
2022-12-16,1960,1960,1935,1945,1848.712891,18300
2022-12-19,1950,1960,1930,1960,1862.970337,23700
2022-12-20,1960,1965,1960,1960,1862.970337,52600
2022-12-21,1960,1970,1855,1970,1872.47522,53100
2022-12-22,1925,1985,1925,1975,1877.227783,38700
2022-12-23,1970,1985,1945,1985,1886.732666,9300
2022-12-26,1990,1990,1960,1985,1886.732666,11000
2022-12-27,1985,1990,1960,1990,1891.485229,5600
2022-12-28,1990,1990,1950,1990,1891.485229,7500
2022-12-29,1990,1990,1950,1960,1862.970337,35300
2022-12-30,1985,1985,1960,1980,1881.980225,5300
2023-01-02,1980,1985,1925,1970,1872.47522,14800
2023-01-03,1970,1980,1955,1970,1872.47522,8600
2023-01-04,1970,1975,1935,1940,1843.960449,14100
2023-01-05,1975,1980,1930,1970,1872.47522,45100
2023-01-06,1975,1975,1970,1975,1877.227783,1300
2023-01-09,1975,1975,1930,1965,1867.722778,29800
2023-01-10,1950,1975,1950,1970,1872.47522,2300
2023-01-11,1970,1970,1950,1965,1867.722778,1200
2023-01-12,1950,1985,1950,1985,1886.732666,19100
2023-01-13,1985,1985,1955,1970,1872.47522,15000
2023-01-16,1965,1980,1950,1955,1858.217896,10000
2023-01-17,1990,1990,1950,1975,1877.227783,6000
2023-01-18,1985,1985,1950,1970,1872.47522,12300
2023-01-19,1990,1990,1950,1990,1891.485229,18100
2023-01-20,1990,1995,1960,1985,1886.732666,23000
2023-01-24,1985,1995,1985,1990,1891.485229,59500
2023-01-25,1990,2000,1960,1990,1891.485229,4100
2023-01-26,1975,2000,1975,2000,1900.990112,19600
2023-01-27,2010,2040,1995,2030,1929.505005,49000
2023-01-30,2010,2050,2010,2030,1929.505005,18400
2023-01-31,2030,2060,2020,2030,1929.505005,5200
2023-02-01,2050,2050,2010,2020,1920,23600
2023-02-02,2030,2050,2000,2000,1900.990112,30500
2023-02-03,1985,2030,1985,2020,1920,17200
2023-02-06,2020,2020,1995,2000,1900.990112,24400
2023-02-07,2020,2020,2000,2000,1900.990112,6900
2023-02-08,2020,2080,2010,2020,1920,13800
2023-02-09,2020,2020,1995,2020,1920,36700
2023-02-10,2010,2020,2000,2000,1900.990112,23200
2023-02-13,2000,2010,1995,2000,1900.990112,12200
2023-02-14,1995,2020,1995,2010,1910.495117,3700
2023-02-15,2020,2020,1980,2010,1910.495117,55800
2023-02-16,2010,2010,1990,2000,1900.990112,5300
2023-02-17,2030,2050,1970,1990,1891.485229,33800
2023-02-20,1990,2030,1990,2010,1910.495117,38400
2023-02-21,2010,2010,1965,2000,1900.990112,32700
2023-02-22,2000,2000,1990,1995,1896.237671,2700
2023-02-23,1995,2020,1995,2000,1900.990112,9300
2023-02-24,2000,2020,1985,1990,1891.485229,18900
2023-02-27,1990,2020,1990,2020,1920,9900
2023-02-28,2020,2060,1980,2000,1900.990112,11200
2023-03-01,1995,2000,1915,2000,1900.990112,58400
2023-03-02,2000,2030,1975,1995,1896.237671,12800
2023-03-03,1995,2070,1975,2030,1929.505005,21500
2023-03-06,2030,2030,1990,1995,1896.237671,19000
2023-03-07,1995,2050,1985,2030,1929.505005,44100
2023-03-08,2050,2050,2010,2010,1910.495117,5000
2023-03-09,2010,2020,1990,2010,1910.495117,9100
2023-03-10,2010,2010,1955,2010,1910.495117,94400
2023-03-13,2010,2010,1970,1975,1877.227783,39900
2023-03-14,1975,2000,1955,1995,1896.237671,6700
2023-03-15,1995,2000,1980,1980,1881.980225,3200
2023-03-16,1990,1990,1955,1985,1886.732666,3700
2023-03-17,1985,1995,1960,1995,1896.237671,8600
2023-03-20,1960,1995,1950,1990,1891.485229,2100
2023-03-21,1990,2000,1985,2000,1900.990112,32500
2023-03-24,2010,2010,1990,2000,1900.990112,17600
2023-03-27,1990,2010,1985,2000,1900.990112,15100
2023-03-28,2000,2010,1985,2010,1910.495117,36000
2023-03-29,2000,2030,1985,2030,1929.505005,123000
2023-03-30,2030,2030,2010,2020,1920,33500
2023-03-31,2000,2150,2000,2020,1920,22300
2023-04-03,2020,2080,2010,2010,1910.495117,29800
2023-04-04,2060,2060,1995,1995,1896.237671,32800
2023-04-05,2000,2050,2000,2010,1910.495117,7300
2023-04-06,2010,2050,1995,2010,1910.495117,16900
2023-04-10,1995,2030,1985,2030,1929.505005,42400
2023-04-11,2040,2040,2000,2040,1939.009888,137500
2023-04-12,2050,2050,2010,2010,1910.495117,6600
2023-04-13,2010,2030,2000,2000,1900.990112,163200
2023-04-14,2000,2010,2000,2000,1900.990112,13000
2023-04-17,2000,2020,1995,2020,1920,9700
2023-04-18,2030,2030,2000,2010,1910.495117,19600
2023-04-26,2020,2020,1995,2010,1910.495117,50300
2023-04-27,2010,2040,1985,2000,1900.990112,146900
2023-04-28,2000,2010,2000,2010,1910.495117,24500
2023-05-02,2010,2020,2000,2000,1900.990112,40700
2023-05-03,2000,2010,1990,2010,1910.495117,28200
2023-05-04,1995,2020,1995,2010,1910.495117,15300
2023-05-05,2010,2010,1995,2010,1910.495117,46200
2023-05-08,2010,2010,2000,2010,1910.495117,41500
2023-05-09,2010,2020,2000,2000,1900.990112,52500
2023-05-10,2010,2010,2000,2000,1900.990112,21400
2023-05-11,2000,2010,1995,2010,1910.495117,17200
2023-05-12,2010,2010,1995,2010,1910.495117,31200
2023-05-15,2010,2010,1995,2010,1910.495117,25400
2023-05-16,2000,2010,2000,2000,1900.990112,47300
2023-05-17,2000,2000,1990,2000,1900.990112,52200
2023-05-19,2000,2000,1995,2000,1900.990112,28300
2023-05-22,1995,2000,1995,2000,1900.990112,92400
2023-05-23,2000,2010,2000,2010,1910.495117,26100
2023-05-24,2000,2010,2000,2010,1910.495117,29800
2023-05-25,2010,2010,2000,2010,1910.495117,27700
2023-05-26,2010,2020,2000,2000,1900.990112,30300
2023-05-29,2000,2010,1990,1995,1896.237671,67500
2023-05-30,1995,2000,1985,1990,1891.485229,46000
2023-05-31,1990,1995,1985,1990,1891.485229,17500
2023-06-05,1990,2000,1955,1995,1896.237671,51300
2023-06-06,1995,2040,1995,2000,1900.990112,180800
2023-06-07,2000,2060,1970,2020,1920,265100
2023-06-08,1985,1985,1920,1930,1930,205800
2023-06-09,1945,2000,1940,1955,1955,85300
2023-06-12,1955,1980,1945,1975,1975,54600
2023-06-13,1975,1975,1955,1975,1975,23800
2023-06-14,1965,1975,1940,1970,1970,31100
2023-06-15,1970,1975,1960,1970,1970,13300
2023-06-16,1985,1985,1950,1965,1965,70000
2023-06-19,1960,1970,1955,1970,1970,46200
2023-06-20,1970,1970,1950,1955,1955,204700
2023-06-21,1955,1955,1945,1955,1955,156200
2023-06-22,1990,1990,1940,1940,1940,112100
2023-06-23,1945,1950,1935,1940,1940,58900
2023-06-26,1945,1965,1900,1940,1940,112500
2023-06-27,1940,1945,1940,1945,1945,68000
2023-07-03,1960,1965,1940,1940,1940,61500
2023-07-04,1940,1970,1940,1950,1950,55000
2023-07-05,1975,1980,1945,1950,1950,98700
2023-07-06,1950,1980,1950,1970,1970,140900
2023-07-07,1950,1970,1945,1950,1950,535300
2023-07-10,1950,1975,1930,1945,1945,154200
2023-07-11,1945,1970,1930,1945,1945,84200
2023-07-12,1970,1970,1945,1945,1945,46200
2023-07-13,1945,1950,1940,1945,1945,115000
2023-07-14,1945,1965,1945,1950,1950,58700
2023-07-17,1950,1960,1945,1950,1950,58200
2023-07-18,1950,1960,1950,1955,1955,62500
2023-07-20,1955,1955,1945,1945,1945,160200
2023-07-21,1950,1960,1945,1960,1960,78400
2023-07-24,1965,2030,1960,2000,2000,274000
2023-07-25,2010,2010,1985,1990,1990,82100
2023-07-26,2000,2000,1980,1985,1985,56500
2023-07-27,1990,2000,1940,1950,1950,261100
2023-07-28,1940,1960,1915,1930,1930,157200
2023-07-31,1930,1970,1910,1945,1945,66000
2023-08-01,1945,1960,1935,1945,1945,12400
2023-08-02,1960,1960,1935,1940,1940,23400
2023-08-03,1950,1950,1935,1940,1940,25400
2023-08-04,1950,1950,1935,1940,1940,20100
2023-08-07,1940,1950,1940,1950,1950,18200
2023-08-08,1950,1950,1940,1950,1950,20200
2023-08-09,1955,1965,1940,1945,1945,16300
2023-08-10,1950,1960,1950,1950,1950,35800
2023-08-11,1960,1960,1945,1945,1945,8400
2023-08-14,1945,1950,1935,1935,1935,48700
2023-08-15,1950,1955,1940,1945,1945,5600
2023-08-16,1945,1945,1935,1945,1945,15900
2023-08-18,1945,1945,1935,1940,1940,8300
2023-08-21,1940,1945,1930,1940,1940,59500
2023-08-22,1925,1945,1925,1940,1940,31800
2023-08-23,1940,1940,1930,1940,1940,10600
2023-08-24,1945,1945,1920,1945,1945,42100
2023-08-25,1945,1950,1930,1935,1935,28900
2023-08-28,1950,1950,1930,1935,1935,129800
2023-08-29,1935,1950,1930,1945,1945,22200
2023-08-30,1945,1955,1930,1945,1945,10900
2023-08-31,1945,1945,1935,1945,1945,15300
2023-09-01,1945,1945,1940,1940,1940,27100
2023-09-04,1945,1950,1935,1940,1940,8100
2023-09-05,1940,1945,1935,1945,1945,15900
2023-09-06,1945,1945,1925,1925,1925,38200
2023-09-07,1925,1945,1920,1920,1920,52600
2023-09-08,1920,1945,1920,1920,1920,87900
2023-09-11,1920,1945,1920,1940,1940,16100
2023-09-12,1940,1940,1930,1940,1940,3300
2023-09-13,1940,1940,1930,1935,1935,14600
2023-09-14,1935,1935,1920,1925,1925,32600
2023-09-15,1925,1930,1910,1920,1920,16400
2023-09-18,1920,1940,1885,1885,1885,203000
2023-09-19,1920,1935,1885,1885,1885,81900
2023-09-20,1885,1930,1885,1900,1900,21600
2023-09-21,1910,1910,1870,1885,1885,64000
2023-09-22,1890,1900,1880,1900,1900,27800
2023-09-25,1900,1900,1875,1875,1875,83600
2023-09-26,1900,1905,1885,1895,1895,21100
2023-09-27,1900,1900,1860,1860,1860,39000
2023-09-29,1905,1905,1845,1845,1845,44600
2023-10-02,1900,1900,1845,1885,1885,104800
2023-10-03,1885,1885,1845,1870,1870,41400
2023-10-04,1875,1875,1820,1850,1850,86500
2023-10-05,1855,1885,1840,1870,1870,6500
2023-10-06,1870,1870,1840,1860,1860,18900
2023-10-09,1850,1860,1840,1850,1850,22000
2023-10-10,1850,1880,1850,1875,1875,17600
2023-10-11,1880,1880,1850,1850,1850,19400
2023-10-12,1860,1860,1850,1860,1860,2500
2023-10-13,1850,1860,1835,1840,1840,23500
2023-10-16,1840,1860,1835,1840,1840,20600
2023-10-17,1840,1860,1810,1840,1840,32200
2023-10-18,1850,1855,1810,1845,1845,24500
2023-10-19,1850,1855,1835,1840,1840,13700
2023-10-20,1840,1840,1830,1835,1835,8700
2023-10-23,1830,1840,1820,1820,1820,74900
2023-10-24,1825,1830,1820,1825,1825,2400
2023-10-25,1825,1935,1825,1900,1900,115400
2023-10-26,1900,1900,1850,1865,1865,44000
2023-10-27,1890,1930,1890,1900,1900,53200
2023-10-30,1900,1900,1865,1865,1865,51100
2023-10-31,1865,1900,1865,1870,1870,13600
2023-11-01,1875,1880,1865,1865,1865,22800
2023-11-02,1865,1865,1860,1860,1860,11700
2023-11-03,1860,1865,1855,1860,1860,13800
2023-11-06,1870,1890,1860,1860,1860,3800
2023-11-07,1860,1870,1860,1865,1865,12100
2023-11-08,1860,1865,1855,1860,1860,7000
2023-11-09,1890,1890,1860,1860,1860,5900
2023-11-10,1860,1860,1855,1855,1855,8000
2023-11-13,1855,1870,1850,1860,1860,9800
2023-11-14,1860,1880,1850,1850,1850,23700
2023-11-15,1870,1890,1850,1850,1850,77500
2023-11-16,1860,1865,1860,1865,1865,4400
2023-11-17,1870,1870,1850,1855,1855,5000
2023-11-20,1870,1870,1835,1840,1840,10700
2023-11-21,1840,1850,1840,1850,1850,4500
2023-11-22,1855,1860,1840,1850,1850,11600
2023-11-23,1860,1880,1850,1870,1870,5700
2023-11-24,1870,1905,1870,1875,1875,18800
2023-11-27,1875,1890,1870,1880,1880,24100
2023-11-28,1885,1895,1885,1890,1890,6000
2023-11-29,1890,1895,1885,1890,1890,12400
2023-11-30,1890,1890,1870,1885,1885,7000
2023-12-01,1885,1885,1870,1870,1870,10100
2023-12-04,1870,1870,1855,1860,1860,5800
2023-12-05,1905,1905,1860,1870,1870,2900
2023-12-06,1865,1870,1860,1870,1870,6400
2023-12-07,1860,1865,1850,1850,1850,6500
2023-12-08,1850,1850,1845,1850,1850,6400
2023-12-11,1850,1855,1845,1845,1845,30000
2023-12-12,1845,1850,1840,1850,1850,7000
2023-12-13,1850,1850,1835,1835,1835,4900
2023-12-14,1835,1835,1830,1835,1835,5800
2023-12-15,1835,1835,1825,1835,1835,2700
2023-12-18,1825,1845,1825,1840,1840,29500
2023-12-19,1835,1835,1825,1835,1835,58400
2023-12-20,1840,1850,1840,1845,1845,2400
2023-12-21,1850,1850,1845,1850,1850,8400
2023-12-22,1845,1860,1840,1840,1840,40900
2023-12-27,1850,1850,1840,1845,1845,5600
2023-12-28,1845,1850,1830,1845,1845,34800
2023-12-29,1845,1850,1830,1845,1845,4200
2024-01-02,1845,1860,1845,1845,1845,28100
2024-01-03,1855,1870,1855,1870,1870,14400
2024-01-04,1870,1885,1870,1885,1885,31500
2024-01-05,1890,1890,1880,1885,1885,11400
2024-01-08,1885,1900,1880,1890,1890,17400
2024-01-09,1890,1905,1890,1895,1895,21800
2024-01-10,1900,1900,1875,1890,1890,5200
2024-01-11,1890,1890,1870,1875,1875,10000
2024-01-12,1895,1895,1865,1880,1880,29000
2024-01-15,1890,1890,1875,1880,1880,29500
2024-01-16,1885,1900,1885,1890,1890,17800
2024-01-17,1895,1895,1885,1890,1890,23300
2024-01-18,1890,1900,1875,1890,1890,11700
2024-01-19,1880,1900,1880,1890,1890,12500
2024-01-22,1890,1890,1880,1890,1890,17200
2024-01-23,1890,1890,1860,1880,1880,12100
2024-01-24,1865,1880,1865,1880,1880,3200
2024-01-25,1865,1875,1865,1875,1875,16700
2024-01-26,1875,1875,1865,1875,1875,5200
2024-01-29,1865,1880,1865,1870,1870,11400
2024-01-30,1880,1900,1870,1880,1880,1500
2024-01-31,1880,1880,1875,1875,1875,3400
2024-02-01,1900,1900,1875,1880,1880,6800
2024-02-02,1900,1900,1875,1875,1875,2100
2024-02-05,1875,1875,1855,1855,1855,14600
2024-02-06,1855,1865,1855,1860,1860,1100
2024-02-07,1860,1860,1850,1855,1855,20000
2024-02-12,1855,1865,1845,1860,1860,63700
2024-02-13,1860,1865,1850,1850,1850,4200
2024-02-15,1850,1860,1850,1860,1860,19600
2024-02-16,1850,1880,1850,1855,1855,8600
2024-02-19,1860,1860,1850,1860,1860,1400
2024-02-20,1855,1880,1855,1880,1880,5800
2024-02-21,1865,1875,1865,1875,1875,4400
2024-02-22,1875,1875,1860,1860,1860,7100
2024-02-23,1860,1930,1860,1920,1920,53000
2024-02-26,1910,1915,1880,1900,1900,17600
2024-02-27,1900,1900,1850,1870,1870,67600
2024-02-28,1875,1880,1865,1865,1865,18500
2024-02-29,1865,1890,1865,1875,1875,8000
2024-03-01,1885,1885,1840,1845,1845,31100
2024-03-04,1850,1890,1845,1855,1855,10800
2024-03-05,1875,1880,1850,1860,1860,6900
2024-03-06,1850,1860,1850,1860,1860,800
2024-03-07,1865,1880,1865,1880,1880,9900
2024-03-08,1875,1875,1840,1850,1850,29000
2024-03-13,1880,1880,1850,1860,1860,9800
2024-03-14,1860,1880,1860,1870,1870,8200
2024-03-15,1865,1870,1860,1870,1870,8700
2024-03-18,1865,1930,1865,1875,1875,47100
2024-03-19,1875,1890,1870,1875,1875,37700
2024-03-20,1875,1900,1875,1895,1895,65700
2024-03-21,1875,1895,1865,1890,1890,33600
2024-03-22,1890,1895,1880,1880,1880,6900
2024-03-25,1920,1920,1865,1885,1885,16200
2024-03-26,1890,1890,1880,1885,1885,18400
2024-03-27,1885,1900,1880,1900,1900,60600
2024-03-28,1900,1910,1885,1890,1890,10700
2024-04-01,1910,1910,1860,1900,1900,34900
2024-04-02,1890,1900,1865,1880,1880,6800
2024-04-03,1880,1900,1870,1900,1900,6100
2024-04-04,1900,1900,1875,1875,1875,12600
2024-04-05,1890,1910,1875,1880,1880,61200
2024-04-16,1925,1930,1860,1875,1875,34200
2024-04-17,1865,1905,1860,1860,1860,8300
2024-04-18,1855,1895,1855,1860,1860,6700
2024-04-19,1895,1895,1850,1865,1865,28500
2024-04-22,1865,1905,1860,1870,1870,11500
2024-04-23,1865,1865,1850,1855,1855,10300
2024-04-24,1870,1870,1860,1860,1860,1600
2024-04-25,1860,1890,1835,1860,1860,11800
2024-04-26,1890,1890,1850,1860,1860,26800
2024-04-29,1855,1890,1835,1860,1860,23700
2024-04-30,1860,1870,1850,1870,1870,6500
2024-05-02,1870,1890,1870,1875,1875,39500
2024-05-03,1850,1890,1840,1845,1845,17100
2024-05-06,1845,1885,1835,1870,1870,23700
2024-05-07,1870,1890,1855,1875,1875,10500
2024-05-08,1870,1870,1805,1825,1825,35100
2024-05-13,1830,1875,1830,1835,1835,9200
2024-05-14,1835,1855,1835,1840,1840,1800
2024-05-15,1860,1860,1845,1855,1855,4800
2024-05-16,1865,1865,1845,1860,1860,5300
2024-05-17,1850,1860,1850,1860,1860,5100
2024-05-20,1865,1865,1850,1850,1850,6800
2024-05-21,1870,1870,1840,1840,1840,16600
2024-05-22,1840,1870,1840,1860,1860,9400
2024-05-27,1860,1875,1855,1870,1870,8500
2024-05-28,1870,1875,1870,1870,1870,4100
2024-05-29,1875,1880,1860,1870,1870,23100
2024-05-30,1890,1890,1860,1880,1880,3100
2024-05-31,1870,1880,1850,1880,1880,31100
2024-06-03,1880,1895,1835,1895,1895,20500
2024-06-04,1895,1895,1850,1875,1875,8900
2024-06-05,1890,1890,1875,1875,1875,6700
