Date,Open,High,Low,Close,Volume
1/2/2020 16:00:00,1675,1980,1675,1715,152600
1/3/2020 16:00:00,1715,1765,1700,1700,105400
1/6/2020 16:00:00,1700,1700,1605,1660,95800
1/7/2020 16:00:00,1660,1665,1610,1645,179600
1/8/2020 16:00:00,1645,1645,1605,1610,32600
1/9/2020 16:00:00,1610,1640,1610,1640,4200
1/10/2020 16:00:00,1650,1650,1635,1640,50600
1/13/2020 16:00:00,1650,1650,1605,1610,119500
1/14/2020 16:00:00,1645,1645,1585,1595,167900
1/15/2020 16:00:00,1595,1600,1590,1590,32400
1/16/2020 16:00:00,1590,1615,1575,1615,117800
1/17/2020 16:00:00,1615,1615,1600,1610,95100
1/20/2020 16:00:00,1600,1625,1600,1620,16400
1/21/2020 16:00:00,1610,1630,1605,1625,178800
1/22/2020 16:00:00,1625,1625,1570,1570,94600
1/23/2020 16:00:00,1570,1585,1550,1560,52300
1/24/2020 16:00:00,1555,1570,1550,1570,24300
1/27/2020 16:00:00,1565,1570,1475,1545,126400
1/28/2020 16:00:00,1500,1545,1470,1545,33700
1/29/2020 16:00:00,1545,1640,1545,1595,20200
1/30/2020 16:00:00,1595,1595,1565,1575,47700
1/31/2020 16:00:00,1575,1575,1525,1550,70200
2/3/2020 16:00:00,1550,1600,1530,1580,42100
2/4/2020 16:00:00,1600,1600,1565,1595,9800
2/5/2020 16:00:00,1605,1610,1555,1560,17300
2/6/2020 16:00:00,1545,1560,1545,1555,39900
2/7/2020 16:00:00,1560,1560,1545,1545,16500
2/10/2020 16:00:00,1545,1545,1540,1540,8700
2/11/2020 16:00:00,1540,1540,1510,1540,16400
2/12/2020 16:00:00,1560,1560,1530,1530,3900
2/13/2020 16:00:00,1530,1550,1500,1550,28100
2/14/2020 16:00:00,1525,1545,1525,1530,1400
2/17/2020 16:00:00,1530,1560,1530,1530,15100
2/18/2020 16:00:00,1505,1600,1505,1580,45000
2/19/2020 16:00:00,1575,1580,1530,1570,12100
2/20/2020 16:00:00,1565,1600,1530,1590,21300
2/21/2020 16:00:00,1570,1580,1545,1560,5000
2/24/2020 16:00:00,1560,1600,1530,1530,27100
2/25/2020 16:00:00,1510,1565,1510,1560,30100
2/26/2020 16:00:00,1560,1560,1530,1530,6900
2/27/2020 16:00:00,1530,1530,1500,1500,42400
2/28/2020 16:00:00,1495,1495,1370,1470,154100
3/2/2020 16:00:00,1470,1475,1440,1440,29200
3/3/2020 16:00:00,1440,1535,1440,1515,17800
3/4/2020 16:00:00,1515,1550,1490,1550,22700
3/5/2020 16:00:00,1560,1575,1525,1530,19700
3/6/2020 16:00:00,1530,1530,1500,1500,25100
3/9/2020 16:00:00,1490,1500,1440,1440,110500
3/10/2020 16:00:00,1440,1450,1420,1430,36300
3/11/2020 16:00:00,1430,1575,1410,1415,110500
3/12/2020 16:00:00,1410,1410,1350,1355,16900
3/13/2020 16:00:00,1330,1370,1265,1275,78900
3/16/2020 16:00:00,1275,1275,1190,1190,149600
3/17/2020 16:00:00,1175,1175,1110,1110,36500
3/18/2020 16:00:00,1100,1100,1035,1035,128300
3/19/2020 16:00:00,1000,1035,965,965,139000
3/20/2020 16:00:00,965,1100,955,1000,7800
3/23/2020 16:00:00,1000,1045,1000,1000,25600
3/24/2020 16:00:00,1000,1085,1000,1085,16400
3/26/2020 16:00:00,1100,1150,1100,1150,800
3/27/2020 16:00:00,1200,1250,1170,1225,55800
3/30/2020 16:00:00,1220,1220,1200,1200,47100
3/31/2020 16:00:00,1200,1200,1160,1200,2300
4/1/2020 16:00:00,1230,1235,1230,1230,1500
4/2/2020 16:00:00,1250,1250,1210,1210,6400
4/3/2020 16:00:00,1510,1510,1230,1300,92100
4/6/2020 16:00:00,1300,1450,1300,1350,9300
4/7/2020 16:00:00,1400,1400,1260,1260,132500
4/8/2020 16:00:00,1400,1400,1265,1275,8300
4/9/2020 16:00:00,1275,1275,1275,1275,19900
4/13/2020 16:00:00,1300,1400,1300,1315,140500
4/14/2020 16:00:00,1400,1500,1400,1500,406300
4/15/2020 16:00:00,1510,1550,1465,1485,72300
4/16/2020 16:00:00,1485,1525,1385,1390,101900
4/17/2020 16:00:00,1390,1525,1390,1485,17900
4/20/2020 16:00:00,1485,1530,1480,1525,87000
4/21/2020 16:00:00,1505,1530,1435,1450,227200
4/22/2020 16:00:00,1400,1495,1400,1460,16700
4/23/2020 16:00:00,1485,1490,1450,1490,11600
4/24/2020 16:00:00,1485,1520,1455,1520,29900
4/27/2020 16:00:00,1460,1515,1460,1470,7200
4/28/2020 16:00:00,1450,1500,1420,1485,3400
4/29/2020 16:00:00,1500,1510,1485,1510,211200
4/30/2020 16:00:00,1510,1550,1500,1510,19800
5/4/2020 16:00:00,1510,1510,1485,1510,34900
5/5/2020 16:00:00,1510,1530,1500,1505,23300
5/6/2020 16:00:00,1505,1600,1470,1520,170100
5/8/2020 16:00:00,1520,1520,1470,1475,278600
5/11/2020 16:00:00,1475,1500,1455,1475,67300
5/12/2020 16:00:00,1475,1510,1475,1480,9300
5/13/2020 16:00:00,1475,1745,1460,1695,310500
5/14/2020 16:00:00,1660,1710,1610,1690,890700
5/15/2020 16:00:00,1690,1700,1650,1655,91600
5/18/2020 16:00:00,1655,1705,1655,1690,395800
5/19/2020 16:00:00,1690,1700,1690,1700,16900
5/20/2020 16:00:00,1685,1690,1600,1690,72300
5/26/2020 16:00:00,1690,1705,1690,1705,162800
5/27/2020 16:00:00,1700,1700,1675,1695,49900
5/28/2020 16:00:00,1695,1705,1690,1695,477600
5/29/2020 16:00:00,1695,1705,1685,1705,164100
6/2/2020 16:00:00,1705,1705,1690,1690,233700
6/3/2020 16:00:00,1690,1705,1685,1705,327600
6/4/2020 16:00:00,1705,1705,1695,1700,435700
6/5/2020 16:00:00,1700,1700,1650,1700,117600
6/8/2020 16:00:00,1700,1705,1680,1700,438000
6/9/2020 16:00:00,1700,1750,1700,1725,1055900
6/10/2020 16:00:00,1730,1730,1715,1715,232300
6/11/2020 16:00:00,1750,1790,1725,1785,121500
6/12/2020 16:00:00,1755,1800,1700,1790,54800
6/15/2020 16:00:00,1790,1800,1780,1780,333000
6/16/2020 16:00:00,1790,1900,1790,1820,185100
6/17/2020 16:00:00,1820,1880,1800,1830,119300
6/18/2020 16:00:00,1830,1850,1795,1845,134500
6/19/2020 16:00:00,1830,2000,1825,1895,150300
6/22/2020 16:00:00,1900,1970,1895,1930,207400
6/23/2020 16:00:00,1930,1980,1930,1970,86000
6/24/2020 16:00:00,1975,2040,1950,1985,103900
6/25/2020 16:00:00,1985,2010,1970,1985,44300
6/26/2020 16:00:00,2000,2000,1870,1970,43100
6/29/2020 16:00:00,1970,1980,1940,1980,79700
6/30/2020 16:00:00,1980,2000,1970,1995,83100
7/1/2020 16:00:00,2000,2070,2000,2020,153200
7/2/2020 16:00:00,2050,2100,2000,2030,144200
7/3/2020 16:00:00,2050,2050,1990,1990,366200
7/6/2020 16:00:00,1990,2020,1990,2000,83900
7/7/2020 16:00:00,2000,2010,1980,1985,59500
7/8/2020 16:00:00,1990,2000,1980,1985,43100
7/9/2020 16:00:00,1995,2030,1945,1955,74900
7/10/2020 16:00:00,1965,1985,1960,1960,25700
7/13/2020 16:00:00,1960,1995,1960,1980,70000
7/14/2020 16:00:00,2000,2000,1970,1990,42600
7/15/2020 16:00:00,1990,1990,1970,1980,40300
7/16/2020 16:00:00,1990,1995,1990,1990,34800
7/17/2020 16:00:00,1985,2000,1980,1995,24100
7/20/2020 16:00:00,1995,2090,1995,2000,213500
7/21/2020 16:00:00,2060,2060,1995,2000,353800
7/22/2020 16:00:00,2020,2020,1990,2010,291600
7/23/2020 16:00:00,2010,2040,1995,1995,245000
7/24/2020 16:00:00,2010,2010,1995,2010,126200
7/27/2020 16:00:00,2010,2020,2000,2000,72400
7/28/2020 16:00:00,1995,1995,1870,1925,751100
7/29/2020 16:00:00,1925,1930,1800,1900,230800
7/30/2020 16:00:00,1880,1880,1775,1800,597800
8/3/2020 16:00:00,1800,1800,1675,1710,279800
8/4/2020 16:00:00,1710,1835,1700,1835,115600
8/5/2020 16:00:00,1845,1870,1810,1870,81000
8/6/2020 16:00:00,1870,1945,1870,1935,94600
8/7/2020 16:00:00,1950,1950,1910,1920,75600
8/10/2020 16:00:00,1910,1940,1910,1930,110000
8/11/2020 16:00:00,1935,1960,1930,1935,142100
8/12/2020 16:00:00,1925,1960,1925,1960,59900
8/13/2020 16:00:00,1960,1970,1950,1965,89100
8/14/2020 16:00:00,1965,2040,1935,1980,135900
8/18/2020 16:00:00,1980,2000,1955,1985,35200
8/19/2020 16:00:00,2000,2010,1990,2010,342100
8/24/2020 16:00:00,2020,2090,2020,2080,262300
8/25/2020 16:00:00,2080,2150,1940,2000,864900
8/26/2020 16:00:00,2000,2000,1900,1975,79100
8/27/2020 16:00:00,1975,1995,1955,1970,33600
8/28/2020 16:00:00,1995,2000,1985,1990,102100
8/31/2020 16:00:00,2020,2090,1990,2000,495500
9/1/2020 16:00:00,2000,2000,1995,2000,101700
9/2/2020 16:00:00,2000,2020,1995,2000,392700
9/3/2020 16:00:00,1950,1950,1860,1895,402900
9/4/2020 16:00:00,1895,1900,1870,1885,165200
9/7/2020 16:00:00,1895,1895,1840,1870,121900
9/8/2020 16:00:00,1895,1895,1880,1885,32500
9/9/2020 16:00:00,1885,1885,1850,1850,48000
9/10/2020 16:00:00,1845,1845,1725,1725,282200
9/11/2020 16:00:00,1705,1770,1605,1740,113000
9/14/2020 16:00:00,1745,1850,1740,1820,91700
9/15/2020 16:00:00,1820,1820,1760,1770,200200
9/16/2020 16:00:00,1770,1775,1755,1770,51100
9/17/2020 16:00:00,1770,1770,1730,1745,130000
9/18/2020 16:00:00,1745,1800,1735,1790,84600
9/21/2020 16:00:00,1790,1790,1760,1760,34200
9/22/2020 16:00:00,1760,1760,1720,1730,41900
9/23/2020 16:00:00,1775,1775,1725,1730,8600
9/24/2020 16:00:00,1730,1730,1680,1715,42900
9/25/2020 16:00:00,1740,1740,1700,1715,42200
9/28/2020 16:00:00,1715,1715,1620,1620,108400
9/29/2020 16:00:00,1650,1810,1650,1680,28500
9/30/2020 16:00:00,1680,1690,1640,1675,41400
10/1/2020 16:00:00,1675,1700,1675,1700,14700
10/2/2020 16:00:00,1715,1715,1620,1700,30900
10/5/2020 16:00:00,1700,1700,1650,1700,36200
10/6/2020 16:00:00,1700,1740,1700,1700,29500
10/7/2020 16:00:00,1700,1715,1700,1710,8300
10/8/2020 16:00:00,1710,1715,1705,1715,7000
10/9/2020 16:00:00,1715,1750,1715,1750,32600
10/12/2020 16:00:00,1760,1765,1735,1735,18100
10/13/2020 16:00:00,1740,1750,1730,1740,19200
10/14/2020 16:00:00,1740,1750,1700,1700,57200
10/15/2020 16:00:00,1705,1705,1650,1700,41900
10/16/2020 16:00:00,1675,1715,1675,1675,19500
10/19/2020 16:00:00,1700,1705,1700,1700,20600
10/20/2020 16:00:00,1700,1700,1680,1685,31600
10/21/2020 16:00:00,1680,1690,1650,1685,27900
10/22/2020 16:00:00,1670,1720,1655,1710,13800
10/23/2020 16:00:00,1710,1720,1680,1720,9900
10/26/2020 16:00:00,1730,1735,1720,1720,21900
10/27/2020 16:00:00,1710,1790,1710,1740,72800
11/2/2020 16:00:00,1740,1740,1700,1735,43000
11/3/2020 16:00:00,1735,1760,1725,1740,360300
11/4/2020 16:00:00,1740,1750,1735,1735,10700
11/5/2020 16:00:00,1735,1775,1730,1745,93200
11/6/2020 16:00:00,1750,1775,1740,1775,116400
11/9/2020 16:00:00,1775,1830,1775,1805,60800
11/10/2020 16:00:00,1830,1830,1790,1800,44200
11/11/2020 16:00:00,1825,1835,1805,1815,53900
11/12/2020 16:00:00,1815,1870,1800,1810,119800
11/13/2020 16:00:00,1810,1810,1805,1810,45000
11/16/2020 16:00:00,1810,1810,1775,1775,255300
11/17/2020 16:00:00,1775,1790,1760,1760,139800
11/18/2020 16:00:00,1760,1805,1750,1755,198200
11/19/2020 16:00:00,1750,1755,1740,1750,295000
11/20/2020 16:00:00,1750,1750,1745,1750,105200
11/23/2020 16:00:00,1750,1765,1740,1755,168800
11/24/2020 16:00:00,1755,1770,1745,1755,155100
11/25/2020 16:00:00,1755,1800,1750,1755,58900
11/26/2020 16:00:00,1760,1810,1755,1800,340800
11/27/2020 16:00:00,1810,1845,1810,1810,252200
11/30/2020 16:00:00,1810,1830,1755,1780,438500
12/1/2020 16:00:00,1780,1815,1755,1780,147300
12/2/2020 16:00:00,1795,1795,1780,1795,68800
12/3/2020 16:00:00,1795,1800,1790,1790,138100
12/4/2020 16:00:00,1790,1790,1760,1785,46200
12/7/2020 16:00:00,1790,1805,1785,1790,211900
12/8/2020 16:00:00,1795,1810,1790,1795,56200
12/10/2020 16:00:00,1800,1800,1775,1780,175700
12/11/2020 16:00:00,1775,1780,1770,1780,37100
12/14/2020 16:00:00,1780,1810,1775,1790,68600
12/15/2020 16:00:00,1795,1805,1775,1800,133100
12/16/2020 16:00:00,1800,1810,1795,1805,264800
12/17/2020 16:00:00,1805,1805,1785,1795,64100
12/18/2020 16:00:00,1800,1800,1790,1795,44400
12/21/2020 16:00:00,1805,1855,1800,1835,356200
12/22/2020 16:00:00,1830,1835,1775,1790,263500
12/23/2020 16:00:00,1790,1800,1775,1795,71100
12/28/2020 16:00:00,1795,1810,1790,1805,358200
12/29/2020 16:00:00,1820,1835,1795,1820,102700
12/30/2020 16:00:00,1820,1820,1785,1785,51000
1/4/2021 15:00:00,1785,1815,1785,1815,67400
1/5/2021 15:00:00,1815,1815,1795,1810,404500
1/6/2021 15:00:00,1810,1810,1795,1810,104900
1/7/2021 16:00:00,1810,1820,1805,1815,92400
1/8/2021 16:00:00,1825,1850,1820,1825,180600
1/11/2021 15:00:00,1825,1845,1825,1840,99200
1/12/2021 15:00:00,1845,1850,1830,1845,135300
1/13/2021 15:00:00,1845,1875,1835,1870,378100
1/14/2021 15:00:00,1875,2160,1875,1935,241800
1/15/2021 15:00:00,1945,1945,1900,1900,109600
1/18/2021 15:00:00,1910,1940,1905,1910,73600
1/19/2021 15:00:00,1910,1910,1850,1900,76100
1/20/2021 15:00:00,1900,1905,1890,1905,29800
1/21/2021 15:00:00,1905,1905,1880,1900,137800
1/22/2021 15:00:00,1900,1900,1845,1855,136700
1/25/2021 15:00:00,1855,1860,1830,1850,59600
1/26/2021 15:00:00,1850,1875,1810,1835,131400
1/27/2021 15:00:00,1835,1835,1800,1800,56300
1/28/2021 15:00:00,1805,1805,1710,1725,159100
1/29/2021 15:00:00,1720,1720,1710,1720,116400
2/1/2021 15:00:00,1720,1800,1715,1790,65600
2/2/2021 15:00:00,1790,1815,1775,1795,85900
2/3/2021 15:00:00,1805,1820,1800,1815,23800
2/4/2021 15:00:00,1815,1835,1815,1820,67900
2/5/2021 15:00:00,1820,1825,1800,1825,55300
2/8/2021 15:00:00,1825,1875,1825,1870,61700
2/9/2021 15:00:00,1870,1880,1850,1860,101900
2/10/2021 15:00:00,1860,1885,1840,1855,204300
2/11/2021 15:00:00,1855,1855,1820,1850,45000
2/15/2021 15:00:00,1850,1885,1850,1850,74800
2/16/2021 15:00:00,1850,1875,1850,1855,53200
2/17/2021 15:00:00,1855,1855,1820,1850,41000
2/18/2021 15:00:00,1850,1865,1840,1855,37600
2/19/2021 15:00:00,1850,1855,1835,1845,24500
2/22/2021 15:00:00,1845,1865,1840,1850,19400
2/23/2021 16:00:00,1850,1850,1845,1845,40000
2/24/2021 15:00:00,1845,1850,1825,1840,35800
2/25/2021 15:00:00,1840,1850,1835,1850,23700
2/26/2021 15:00:00,1835,1840,1805,1830,37500
3/1/2021 15:00:00,1840,1850,1830,1840,91600
3/2/2021 15:00:00,1850,1850,1840,1840,44300
3/3/2021 15:00:00,1840,1850,1825,1850,47800
3/4/2021 15:00:00,1860,1860,1840,1840,16700
3/5/2021 15:00:00,1855,1855,1800,1830,26300
3/8/2021 16:00:00,1835,1850,1825,1840,15000
3/9/2021 15:00:00,1850,1850,1800,1830,107400
3/10/2021 15:00:00,1805,1900,1805,1860,35100
3/12/2021 15:00:00,1860,1895,1845,1850,88900
3/15/2021 15:00:00,1860,1870,1830,1840,9500
3/16/2021 15:00:00,1840,1895,1840,1855,13500
3/17/2021 15:00:00,1855,1895,1850,1850,27800
3/18/2021 15:00:00,1865,1895,1850,1860,9000
3/19/2021 15:00:00,1860,1895,1855,1865,17800
3/22/2021 15:00:00,1865,1890,1865,1865,13000
3/23/2021 15:00:00,1890,1890,1860,1860,38100
3/24/2021 15:00:00,1885,1885,1835,1855,16700
3/25/2021 15:00:00,1855,1870,1845,1865,40400
3/26/2021 15:00:00,1855,1880,1855,1880,18600
3/29/2021 15:00:00,1860,1880,1840,1870,15400
3/30/2021 15:00:00,1870,1870,1850,1855,26900
3/31/2021 15:00:00,1855,1860,1830,1850,28700
4/1/2021 15:00:00,1850,1880,1820,1875,294800
4/5/2021 15:00:00,1875,1885,1820,1840,113200
4/6/2021 15:00:00,1840,1870,1820,1830,102400
4/7/2021 15:00:00,1835,1850,1830,1850,42700
4/8/2021 15:00:00,1850,1850,1820,1850,141300
4/9/2021 15:00:00,1850,1850,1845,1850,99400
4/12/2021 15:00:00,1855,1855,1830,1830,20400
4/13/2021 15:00:00,1830,1885,1830,1855,11500
4/14/2021 15:00:00,1855,1865,1850,1850,81800
4/15/2021 15:00:00,1850,1850,1840,1840,11700
4/16/2021 15:00:00,1860,1860,1845,1845,33900
4/19/2021 15:00:00,1845,1870,1845,1850,64000
4/20/2021 15:00:00,1875,1875,1855,1860,10500
4/21/2021 15:00:00,1875,1890,1860,1890,107300
4/22/2021 15:00:00,1900,1900,1860,1870,29300
4/23/2021 15:00:00,1870,1895,1840,1880,54500
4/26/2021 15:00:00,1880,1885,1855,1880,82200
4/27/2021 15:00:00,1880,1880,1855,1880,27400
4/28/2021 15:00:00,1880,1885,1825,1850,208300
4/29/2021 15:00:00,1850,1865,1840,1850,40400
4/30/2021 15:00:00,1850,1865,1835,1860,71000
5/3/2021 16:00:00,1860,1870,1825,1855,221100
5/4/2021 16:00:00,1855,1860,1850,1860,52400
5/5/2021 15:00:00,1860,1870,1855,1855,16900
5/6/2021 15:00:00,1865,1870,1855,1860,35300
5/7/2021 15:00:00,1865,1875,1860,1870,17200
5/10/2021 16:00:00,1870,1910,1865,1885,79900
5/11/2021 16:00:00,1890,1895,1870,1885,171900
5/17/2021 15:00:00,1885,1900,1845,1850,297200
5/18/2021 15:00:00,1850,1890,1845,1890,122300
5/19/2021 15:00:00,1890,2100,1885,2000,551500
5/20/2021 15:00:00,2000,2010,1940,1950,78900
5/21/2021 15:00:00,1950,1995,1910,1965,93600
5/24/2021 15:00:00,1965,2040,1955,1995,53300
5/25/2021 15:00:00,1995,1995,1965,1980,70400
5/27/2021 15:00:00,1980,2020,1960,1995,165800
5/28/2021 15:00:00,1990,2020,1975,2000,68700
5/31/2021 15:00:00,1995,2000,1980,1985,103400
6/2/2021 15:00:00,1990,2040,1980,1990,178600
6/3/2021 15:00:00,2000,2010,1980,1990,842600
6/4/2021 15:00:00,1985,1995,1975,1985,300800
6/7/2021 15:00:00,1995,2000,1960,1960,295000
6/8/2021 15:00:00,1950,1955,1830,1860,193700
6/9/2021 15:00:00,1865,1875,1855,1860,204800
6/10/2021 15:00:00,1880,1880,1865,1875,94200
6/11/2021 15:00:00,1875,1875,1860,1860,40800
6/14/2021 16:00:00,1860,1865,1855,1855,37200
6/15/2021 15:00:00,1860,1860,1850,1855,32000
6/16/2021 15:00:00,1855,1885,1820,1875,306700
6/17/2021 15:00:00,1875,1880,1815,1850,443700
6/18/2021 15:00:00,1850,1850,1750,1795,248600
6/21/2021 16:00:00,1785,1790,1745,1790,135400
6/22/2021 15:00:00,1795,1850,1790,1820,53500
6/23/2021 15:00:00,1820,1820,1790,1810,111900
6/24/2021 15:00:00,1810,1820,1780,1810,24400
6/25/2021 15:00:00,1810,1820,1800,1810,20200
6/28/2021 16:00:00,1810,1810,1790,1790,22300
6/29/2021 15:00:00,1785,1800,1780,1790,15000
6/30/2021 15:00:00,1790,1790,1780,1780,28800
7/1/2021 15:00:00,1775,1795,1770,1780,51600
7/2/2021 15:00:00,1780,1800,1780,1780,130100
7/5/2021 15:00:00,1785,1820,1785,1790,47900
7/6/2021 15:00:00,1795,1810,1775,1780,67400
7/7/2021 15:00:00,1775,1795,1775,1795,49400
7/8/2021 15:00:00,1800,1800,1790,1790,13000
7/9/2021 15:00:00,1790,1790,1775,1790,14100
7/12/2021 15:00:00,1785,1800,1780,1795,12100
7/13/2021 15:00:00,1795,1795,1780,1780,17300
7/14/2021 15:00:00,1785,1785,1770,1775,20200
7/15/2021 15:00:00,1780,1785,1775,1775,24500
7/16/2021 15:00:00,1785,1785,1775,1780,21200
7/19/2021 15:00:00,1780,1790,1770,1780,65700
7/21/2021 15:00:00,1780,1790,1770,1790,28200
7/22/2021 15:00:00,1790,1815,1780,1795,31800
7/23/2021 15:00:00,1795,1805,1790,1790,36100
7/26/2021 15:00:00,1800,1820,1800,1805,7800
7/27/2021 15:00:00,1810,1815,1800,1800,23000
7/28/2021 15:00:00,1800,1805,1780,1790,30900
7/29/2021 15:00:00,1790,1790,1770,1785,22900
7/30/2021 15:00:00,1785,1800,1780,1780,23900
8/2/2021 15:00:00,1790,1795,1760,1795,36500
8/3/2021 15:00:00,1800,1800,1780,1790,30100
8/4/2021 15:00:00,1800,1800,1785,1795,18200
8/5/2021 15:00:00,1795,1795,1785,1795,22300
8/6/2021 15:00:00,1795,1800,1785,1790,20800
8/9/2021 15:00:00,1790,1800,1790,1795,23200
8/10/2021 15:00:00,1795,1800,1790,1790,77400
8/12/2021 15:00:00,1795,1800,1790,1800,27300
8/13/2021 15:00:00,1800,1810,1800,1805,25800
8/16/2021 15:00:00,1805,1805,1795,1805,51200
8/18/2021 15:00:00,1800,1810,1800,1800,42000
8/19/2021 15:00:00,1800,1800,1785,1785,43500
8/20/2021 15:00:00,1785,1800,1780,1800,57600
8/23/2021 16:00:00,1830,1830,1800,1800,44900
8/24/2021 16:00:00,1800,1805,1795,1800,22800
8/25/2021 15:00:00,1800,1800,1795,1800,11900
8/26/2021 15:00:00,1805,1805,1795,1795,24800
8/27/2021 15:00:00,1795,1805,1785,1790,33900
8/30/2021 15:00:00,1785,1800,1780,1780,46200
8/31/2021 15:00:00,1780,1800,1780,1800,38700
9/1/2021 15:00:00,1790,1800,1790,1800,17200
9/2/2021 15:00:00,1800,1800,1790,1795,12800
9/3/2021 15:00:00,1790,1800,1780,1790,13100
9/6/2021 15:00:00,1790,1800,1775,1790,33700
9/7/2021 15:00:00,1790,1795,1790,1795,13600
9/8/2021 15:00:00,1795,1800,1785,1795,19000
9/9/2021 15:00:00,1795,1795,1780,1795,23900
9/10/2021 15:00:00,1790,1795,1785,1785,31900
9/13/2021 15:00:00,1790,1795,1780,1795,16400
9/14/2021 15:00:00,1795,1800,1790,1790,20000
9/15/2021 15:00:00,1790,1800,1785,1795,33200
9/16/2021 15:00:00,1785,1815,1785,1795,12500
9/17/2021 15:00:00,1795,1800,1790,1790,23100
9/20/2021 15:00:00,1790,1790,1775,1775,75200
9/21/2021 15:00:00,1775,1775,1765,1770,54900
9/22/2021 15:00:00,1770,1775,1765,1765,29300
9/23/2021 15:00:00,1775,1790,1760,1775,63100
9/24/2021 15:00:00,1780,1790,1775,1775,26500
9/27/2021 15:00:00,1790,1795,1780,1780,37700
9/28/2021 15:00:00,1780,1795,1765,1785,31600
9/29/2021 15:00:00,1790,1800,1785,1795,55000
9/30/2021 15:00:00,1795,1810,1790,1795,18700
10/1/2021 15:00:00,1795,1795,1775,1795,44400
10/4/2021 15:00:00,1800,1805,1795,1795,27500
10/5/2021 15:00:00,1790,1830,1780,1800,38100
10/6/2021 15:00:00,1815,1825,1790,1810,89700
10/7/2021 15:00:00,1810,1815,1800,1800,23200
10/8/2021 15:00:00,1800,1810,1795,1805,105600
10/11/2021 15:00:00,1810,1810,1800,1810,61300
10/12/2021 16:00:00,1805,1820,1780,1790,231000
10/13/2021 15:00:00,1790,1875,1790,1820,118300
10/14/2021 16:00:00,1820,1850,1810,1840,49600
10/15/2021 16:00:00,1840,1870,1835,1865,183300
10/18/2021 15:00:00,1865,1865,1845,1855,53000
10/19/2021 15:00:00,1850,1850,1820,1830,90500
10/21/2021 15:00:00,1830,1840,1815,1820,50200
10/22/2021 15:00:00,1825,1875,1820,1850,162900
10/25/2021 15:00:00,1850,1950,1850,1940,283400
10/26/2021 15:00:00,1940,1965,1910,1910,274700
10/27/2021 15:00:00,1920,1920,1885,1905,65900
10/28/2021 15:00:00,1905,1905,1875,1875,64100
10/29/2021 15:00:00,1875,1920,1875,1900,108700
11/1/2021 15:00:00,1900,1905,1895,1895,29200
11/2/2021 15:00:00,1900,1910,1895,1900,15800
11/3/2021 15:00:00,1905,1915,1880,1905,48300
11/4/2021 16:00:00,1910,1915,1910,1910,24700
11/5/2021 15:00:00,1900,1910,1820,1910,73000
11/8/2021 15:00:00,1910,1910,1890,1890,30700
11/9/2021 15:00:00,1890,1920,1855,1900,37100
11/10/2021 15:00:00,1905,1910,1880,1910,22700
11/11/2021 15:00:00,1910,1910,1890,1900,121600
11/12/2021 15:00:00,1880,1905,1860,1905,17900
11/15/2021 15:00:00,1905,1930,1905,1925,162000
11/16/2021 15:00:00,1925,1940,1910,1930,144400
11/17/2021 15:00:00,1930,1950,1930,1935,79600
11/18/2021 15:00:00,1935,1935,1910,1935,26900
11/19/2021 15:00:00,1930,1980,1920,1925,54800
11/22/2021 15:00:00,1925,1925,1905,1910,16700
11/23/2021 15:00:00,1910,1940,1910,1930,12500
11/24/2021 15:00:00,1930,1940,1920,1930,9600
11/25/2021 15:00:00,1930,1940,1910,1940,42400
11/26/2021 15:00:00,1935,1935,1910,1910,66100
11/29/2021 15:00:00,1910,1915,1865,1915,95200
11/30/2021 15:00:00,1910,1910,1890,1890,6500
12/1/2021 16:00:00,1890,1915,1885,1915,36400
12/2/2021 16:00:00,1915,1915,1890,1915,37300
12/3/2021 16:00:00,1915,1930,1900,1930,33100
12/6/2021 16:00:00,1930,1930,1890,1910,27400
12/7/2021 16:00:00,1910,1940,1910,1935,44200
12/8/2021 16:00:00,1935,1935,1900,1925,9400
12/9/2021 16:00:00,1925,1930,1915,1920,6700
12/10/2021 16:00:00,1925,1950,1920,1930,67000
12/13/2021 16:00:00,1925,1935,1910,1915,45900
12/14/2021 16:00:00,1915,1930,1910,1910,31200
12/15/2021 16:00:00,1915,1915,1890,1915,24800
12/16/2021 16:00:00,1910,1920,1885,1890,21900
12/17/2021 16:00:00,1900,1910,1900,1900,22700
12/20/2021 16:00:00,1900,1915,1895,1900,16200
12/21/2021 16:00:00,1900,1910,1895,1895,20200
12/22/2021 16:00:00,1905,1910,1895,1900,23100
12/23/2021 16:00:00,1890,1895,1880,1895,89900
12/24/2021 16:00:00,1895,1900,1885,1885,44200
12/27/2021 16:00:00,1890,1900,1885,1885,69200
12/28/2021 16:00:00,1885,1900,1885,1895,23000
12/29/2021 16:00:00,1890,1900,1890,1890,26300
12/30/2021 16:00:00,1890,1900,1870,1880,25700
1/3/2022 16:00:00,1890,1900,1880,1895,14900
1/4/2022 16:00:00,1900,1915,1900,1900,29100
1/5/2022 16:00:00,1910,1915,1895,1900,21600
1/6/2022 16:00:00,1900,1905,1890,1900,49300
1/7/2022 16:00:00,1900,1915,1890,1890,19100
1/10/2022 16:00:00,1895,1905,1880,1895,27000
1/11/2022 16:00:00,1915,1915,1890,1890,26000
1/12/2022 16:00:00,1890,1910,1885,1885,21200
1/13/2022 16:00:00,1885,1910,1885,1905,25600
1/14/2022 16:00:00,1905,1905,1885,1905,17800
1/17/2022 16:00:00,1905,1910,1885,1890,18800
1/18/2022 16:00:00,1890,1900,1875,1885,20200
1/19/2022 16:00:00,1885,1895,1870,1875,47300
1/20/2022 16:00:00,1875,1905,1875,1890,22400
1/21/2022 16:00:00,1885,1895,1870,1890,13600
1/24/2022 16:00:00,1890,1895,1885,1885,31300
1/25/2022 16:00:00,1890,1900,1870,1870,30100
1/26/2022 16:00:00,1870,1890,1870,1880,15500
1/27/2022 16:00:00,1895,1895,1870,1880,33700
1/28/2022 16:00:00,1880,1890,1855,1875,33200
1/31/2022 16:00:00,1880,1895,1870,1880,31900
2/2/2022 16:00:00,1875,1900,1870,1895,14500
2/3/2022 16:00:00,1895,1900,1875,1880,21900
2/4/2022 16:00:00,1880,1890,1870,1890,10700
2/7/2022 16:00:00,1890,1950,1880,1945,134200
2/8/2022 16:00:00,1940,1965,1880,1910,69600
2/9/2022 16:00:00,1910,1950,1910,1925,36700
2/10/2022 16:00:00,1930,1935,1915,1920,4800
2/11/2022 16:00:00,1920,1950,1915,1930,39300
2/14/2022 16:00:00,1930,1950,1910,1930,20400
2/15/2022 16:00:00,1930,1960,1885,1950,148100
2/16/2022 16:00:00,1950,1975,1925,1955,57400
2/17/2022 16:00:00,1955,1955,1925,1935,6100
2/18/2022 16:00:00,1935,1935,1920,1920,22600
2/21/2022 16:00:00,1910,1950,1885,1935,43900
2/22/2022 16:00:00,1930,1935,1920,1920,27400
2/23/2022 16:00:00,1920,1920,1905,1905,67200
2/24/2022 16:00:00,1905,1965,1900,1905,103500
2/25/2022 16:00:00,1905,1915,1890,1895,124900
3/1/2022 16:00:00,1895,1915,1860,1895,166800
3/2/2022 16:00:00,1905,1920,1885,1900,37100
3/4/2022 16:00:00,1915,1920,1880,1885,80300
3/7/2022 16:00:00,1885,1890,1850,1875,188400
3/8/2022 16:00:00,1875,1905,1765,1860,79100
3/9/2022 16:00:00,1860,1895,1850,1860,93400
3/10/2022 16:00:00,1860,1890,1860,1880,19100
3/11/2022 16:00:00,1880,1880,1855,1855,55600
3/14/2022 16:00:00,1855,1890,1850,1850,58200
3/15/2022 16:00:00,1850,1865,1845,1845,79800
3/16/2022 16:00:00,1845,1885,1840,1840,100800
3/17/2022 16:00:00,1840,1880,1840,1855,78300
3/18/2022 16:00:00,1855,1870,1850,1860,10900
3/21/2022 16:00:00,1860,1865,1835,1850,111700
3/22/2022 16:00:00,1860,1865,1830,1855,93700
3/23/2022 16:00:00,1865,1865,1840,1865,66700
3/24/2022 16:00:00,1865,1865,1830,1830,244000
3/25/2022 16:00:00,1860,1865,1840,1840,87500
3/28/2022 16:00:00,1850,1865,1830,1865,103500
3/29/2022 16:00:00,1865,1875,1845,1860,61400
3/30/2022 16:00:00,1860,1870,1845,1860,29700
3/31/2022 16:00:00,1870,1870,1860,1860,45800
4/1/2022 16:00:00,1865,1945,1855,1885,83000
4/4/2022 16:00:00,1885,1885,1860,1875,108400
4/5/2022 16:00:00,1875,1890,1855,1870,63700
4/6/2022 16:00:00,1875,1890,1875,1880,21400
4/7/2022 16:00:00,1880,1890,1875,1875,19100
4/8/2022 16:00:00,1875,1885,1860,1870,23300
4/11/2022 16:00:00,1870,1870,1860,1860,20800
4/12/2022 16:00:00,1860,1875,1850,1875,28700
4/13/2022 16:00:00,1870,1890,1855,1875,15300
4/14/2022 16:00:00,1880,1880,1860,1860,41200
4/18/2022 16:00:00,1860,1870,1850,1855,78600
4/19/2022 16:00:00,1850,1860,1850,1850,27000
4/20/2022 16:00:00,1860,1860,1810,1835,191600
4/21/2022 16:00:00,1835,1840,1820,1820,157400
4/22/2022 16:00:00,1820,1860,1820,1835,96600
4/25/2022 16:00:00,1835,1845,1820,1820,56900
4/26/2022 16:00:00,1855,2130,1855,2050,1102300
4/27/2022 16:00:00,2050,2060,1960,2040,232400
4/28/2022 16:00:00,2040,2070,2000,2060,141300
5/9/2022 16:00:00,2070,2070,1955,1995,299500
5/10/2022 16:00:00,1995,2030,1995,2030,322100
5/11/2022 16:00:00,2040,2300,2040,2270,531500
5/12/2022 16:00:00,2280,2700,2270,2510,972100
5/13/2022 16:00:00,2510,2600,2360,2480,262500
5/17/2022 16:00:00,2420,2480,2320,2380,137300
5/18/2022 16:00:00,2370,2570,2300,2430,220200
5/19/2022 16:00:00,2430,2450,2320,2390,59900
5/20/2022 16:00:00,2410,2540,2370,2410,139600
5/23/2022 16:00:00,2410,2460,2350,2400,100900
5/24/2022 16:00:00,2380,2420,2320,2370,114600
5/25/2022 16:00:00,2380,2410,2320,2400,93600
5/27/2022 16:00:00,2400,2530,2400,2500,95200
5/30/2022 16:00:00,2500,2660,2500,2650,174600
5/31/2022 16:00:00,2650,2750,2570,2640,178900
6/2/2022 16:00:00,2640,2700,2560,2620,96200
6/3/2022 16:00:00,2620,2650,2530,2570,79800
6/6/2022 16:00:00,2570,2590,2400,2480,370400
6/7/2022 16:00:00,2480,2480,2400,2480,119700
6/8/2022 16:00:00,2420,2500,2420,2480,38100
6/9/2022 16:00:00,2480,2530,2350,2350,153300
6/10/2022 16:00:00,2340,2400,2320,2320,135800
6/13/2022 16:00:00,2320,2320,2160,2240,261500
6/14/2022 16:00:00,2170,2390,2150,2390,256300
6/15/2022 16:00:00,2390,2390,2270,2310,114200
6/16/2022 16:00:00,2300,2380,2280,2320,186100
6/17/2022 16:00:00,2250,2300,2200,2280,129900
6/20/2022 16:00:00,2280,2310,2150,2260,31200
6/21/2022 16:00:00,2320,2320,2260,2300,11800
6/22/2022 16:00:00,2300,2300,2240,2300,59800
6/23/2022 16:00:00,2310,2320,2270,2270,61000
6/24/2022 16:00:00,2240,2400,2210,2360,92700
6/27/2022 16:00:00,2340,2350,2300,2310,47300
6/28/2022 16:00:00,2310,2370,2310,2350,22800
6/29/2022 16:00:00,2350,2400,2300,2400,141100
6/30/2022 16:00:00,2410,2520,2350,2420,209400
7/1/2022 16:00:00,2430,2460,2260,2390,266800
7/4/2022 16:00:00,2340,2340,2230,2330,197200
7/5/2022 16:00:00,2330,2330,2190,2260,157900
7/6/2022 16:00:00,2260,2260,2210,2230,31600
7/7/2022 16:00:00,2190,2270,2190,2260,18500
7/8/2022 16:00:00,2260,2300,2230,2280,42500
7/11/2022 16:00:00,2290,2320,2280,2290,19900
7/12/2022 16:00:00,2290,2300,2260,2270,4400
7/13/2022 16:00:00,2270,2380,2270,2290,22000
7/14/2022 16:00:00,2310,2310,2280,2300,12600
7/15/2022 16:00:00,2300,2340,2280,2280,11300
7/18/2022 16:00:00,2280,2320,2240,2290,55600
7/19/2022 16:00:00,2300,2340,2300,2330,35700
7/20/2022 16:00:00,2330,2370,2330,2340,27300
7/21/2022 16:00:00,2330,2340,2280,2320,27300
7/22/2022 16:00:00,2280,2370,2250,2370,29100
7/25/2022 16:00:00,2370,2400,2350,2390,36800
7/26/2022 16:00:00,2400,2490,2370,2490,100100
7/27/2022 16:00:00,2490,2600,2460,2550,81300
7/28/2022 16:00:00,2550,2550,2510,2550,35100
7/29/2022 16:00:00,2550,2570,2420,2460,104200
8/1/2022 16:00:00,2460,2550,2460,2520,177400
8/2/2022 16:00:00,2530,2530,2460,2460,30400
8/3/2022 16:00:00,2480,2540,2460,2520,128300
8/4/2022 16:00:00,2520,2560,2520,2550,121000
8/5/2022 16:00:00,2550,2570,2490,2570,359900
8/8/2022 16:00:00,2480,2570,2430,2490,134300
8/9/2022 16:00:00,2480,2520,2420,2420,86800
8/10/2022 16:00:00,2420,2460,2400,2450,26200
8/11/2022 16:00:00,2420,2470,2400,2420,16100
8/12/2022 16:00:00,2450,2450,2390,2440,91600
8/15/2022 16:00:00,2440,2460,2390,2430,224000
8/16/2022 16:00:00,2420,2460,2400,2430,28100
8/18/2022 16:00:00,2430,2430,2390,2410,22900
8/19/2022 16:00:00,2410,2410,2380,2400,35400
8/22/2022 16:00:00,2400,2400,2340,2390,85300
8/23/2022 16:00:00,2390,2390,2320,2380,141300
8/24/2022 16:00:00,2350,2390,2350,2380,6800
8/25/2022 16:00:00,2370,2370,2290,2360,65200
8/26/2022 16:00:00,2360,2360,2260,2280,177300
8/29/2022 16:00:00,2280,2300,2260,2280,27100
8/30/2022 16:00:00,2300,2360,2280,2350,61900
8/31/2022 16:00:00,2350,2370,2310,2370,29800
9/1/2022 15:00:00,2380,2380,2340,2360,19300
9/2/2022 15:00:00,2360,2360,2330,2350,25600
9/5/2022 16:00:00,2350,2400,2330,2360,25300
9/6/2022 16:00:00,2360,2400,2350,2350,41000
9/7/2022 16:00:00,2350,2390,2300,2360,25200
9/8/2022 16:00:00,2380,2400,2350,2360,94100
9/9/2022 16:00:00,2360,2360,2340,2350,7400
9/12/2022 16:00:00,2350,2350,2320,2350,31600
9/13/2022 16:00:00,2350,2370,2350,2350,46500
9/14/2022 16:00:00,2360,2360,2330,2350,133500
9/15/2022 16:00:00,2360,2360,2330,2350,16400
9/16/2022 16:00:00,2340,2360,2310,2340,24500
9/19/2022 16:00:00,2350,2360,2260,2290,211500
9/20/2022 16:00:00,2270,2300,2260,2290,30500
9/21/2022 16:00:00,2300,2300,2250,2300,24000
9/22/2022 16:00:00,2300,2320,2290,2320,11300
9/23/2022 16:00:00,2310,2320,2280,2280,18200
9/26/2022 16:00:00,2280,2280,2260,2260,13500
9/27/2022 16:00:00,2260,2330,2260,2270,7100
9/28/2022 16:00:00,2260,2320,2250,2250,20700
9/29/2022 16:00:00,2250,2290,2230,2230,37500
9/30/2022 16:00:00,2230,2240,2180,2190,43400
10/3/2022 16:00:00,2250,2250,2220,2220,3500
10/4/2022 16:00:00,2220,2280,2220,2230,10100
10/5/2022 16:00:00,2260,2290,2230,2240,9100
10/6/2022 16:00:00,2250,2280,2250,2260,9500
10/7/2022 16:00:00,2270,2270,2240,2260,5800
10/10/2022 16:00:00,2250,2280,2230,2230,14200
10/11/2022 16:00:00,2230,2240,2200,2230,39100
10/12/2022 16:00:00,2220,2220,2200,2200,5800
10/13/2022 16:00:00,2240,2270,2180,2210,33800
10/14/2022 16:00:00,2210,2210,2170,2200,8100
10/17/2022 16:00:00,2210,2210,2170,2190,18100
10/18/2022 16:00:00,2190,2200,2120,2120,44700
10/19/2022 16:00:00,2120,2130,2110,2130,74600
10/20/2022 16:00:00,2120,2270,1985,2090,481300
10/21/2022 16:00:00,2090,2090,2010,2080,71500
10/24/2022 16:00:00,2080,2080,1970,2030,245600
10/25/2022 16:00:00,2040,2040,1995,1995,63000
10/26/2022 16:00:00,1990,2000,1975,1975,150700
10/27/2022 16:00:00,1975,1980,1950,1965,231700
10/28/2022 16:00:00,1965,1985,1960,1965,49300
10/31/2022 16:00:00,1965,1985,1900,1985,78100
11/1/2022 15:00:00,1985,1990,1975,1980,75800
11/2/2022 15:00:00,1985,1985,1955,1955,101000
11/3/2022 16:00:00,1960,1960,1925,1925,66800
11/4/2022 16:00:00,1925,1980,1925,1975,25200
11/7/2022 16:00:00,1985,1985,1970,1970,15900
11/8/2022 16:00:00,1970,1990,1965,1990,24500
11/9/2022 16:00:00,2010,2010,1975,1980,22800
11/10/2022 16:00:00,1980,1980,1955,1970,22400
11/11/2022 16:00:00,1975,1990,1955,1990,21200
11/14/2022 16:00:00,1990,2000,1960,1980,18200
11/15/2022 16:00:00,2000,2000,1970,1980,63300
11/16/2022 16:00:00,1970,1985,1965,1985,33700
11/17/2022 16:00:00,1985,1985,1970,1975,22300
11/18/2022 16:00:00,1975,1980,1970,1970,16200
11/21/2022 16:00:00,1970,1975,1960,1975,35400
11/22/2022 16:00:00,1975,1975,1950,1970,17000
11/23/2022 16:00:00,1970,1975,1955,1970,13500
11/24/2022 16:00:00,1965,1975,1960,1975,20800
11/25/2022 16:00:00,1975,1980,1960,1975,6800
11/28/2022 16:00:00,1980,1980,1945,1980,24200
11/29/2022 16:00:00,1980,1980,1955,1975,7200
11/30/2022 16:00:00,1975,1975,1970,1970,6300
12/1/2022 16:00:00,1970,1980,1950,1975,76000
12/2/2022 16:00:00,1975,1975,1960,1975,7000
12/5/2022 16:00:00,1980,1980,1960,1970,7200
12/6/2022 16:00:00,1970,1980,1950,1955,3200
12/7/2022 16:00:00,1970,1975,1955,1955,8400
12/8/2022 16:00:00,1950,1995,1935,1995,9900
12/9/2022 16:00:00,1990,1990,1885,1915,61700
12/12/2022 16:00:00,1925,1970,1920,1950,5300
12/13/2022 16:00:00,1965,1965,1950,1960,4400
12/14/2022 16:00:00,1960,1960,1950,1955,5100
12/15/2022 16:00:00,1955,1955,1955,1955,5000
12/16/2022 16:00:00,1960,1960,1935,1945,18300
12/19/2022 16:00:00,1950,1960,1930,1960,23700
12/20/2022 16:00:00,1960,1965,1960,1960,52600
12/21/2022 16:00:00,1960,1970,1855,1970,53100
12/22/2022 16:00:00,1925,1985,1925,1975,38700
12/23/2022 16:00:00,1970,1985,1945,1985,9300
12/26/2022 16:00:00,1990,1990,1960,1985,11000
12/27/2022 16:00:00,1985,1990,1960,1990,5600
12/28/2022 16:00:00,1990,1990,1950,1990,7500
12/29/2022 16:00:00,1990,1990,1950,1960,35300
12/30/2022 16:00:00,1985,1985,1960,1980,5300
1/2/2023 16:00:00,1980,1985,1925,1970,14800
1/3/2023 16:00:00,1970,1980,1955,1970,8600
1/4/2023 16:00:00,1970,1975,1935,1940,14100
1/5/2023 16:00:00,1975,1980,1930,1970,45100
1/6/2023 16:00:00,1975,1975,1970,1975,1300
1/9/2023 16:00:00,1975,1975,1930,1965,29800
1/10/2023 16:00:00,1950,1975,1950,1970,2300
1/11/2023 16:00:00,1970,1970,1950,1965,1200
1/12/2023 16:00:00,1950,1985,1950,1985,19100
1/13/2023 16:00:00,1985,1985,1955,1970,15000
1/16/2023 16:00:00,1965,1980,1950,1955,10000
1/17/2023 16:00:00,1990,1990,1950,1975,6000
1/18/2023 16:00:00,1985,1985,1950,1970,12300
1/19/2023 16:00:00,1990,1990,1950,1990,18100
1/20/2023 16:00:00,1990,1995,1960,1985,23000
1/24/2023 16:00:00,1985,1995,1985,1990,59500
1/25/2023 16:00:00,1990,2000,1960,1990,4100
1/26/2023 16:00:00,1975,2000,1975,2000,19600
1/27/2023 16:00:00,2010,2040,1995,2030,49000
1/30/2023 16:00:00,2010,2050,2010,2030,18400
1/31/2023 16:00:00,2030,2060,2020,2030,5200
2/1/2023 16:00:00,2050,2050,2010,2020,23600
2/2/2023 16:00:00,2030,2050,2000,2000,30500
2/3/2023 16:00:00,1985,2030,1985,2020,17200
2/6/2023 16:00:00,2020,2020,1995,2000,24400
2/7/2023 16:00:00,2020,2020,2000,2000,6900
2/8/2023 16:00:00,2020,2080,2010,2020,13800
2/9/2023 16:00:00,2020,2020,1995,2020,36700
2/10/2023 16:00:00,2010,2020,2000,2000,23200
2/13/2023 16:00:00,2000,2010,1995,2000,12200
2/14/2023 16:00:00,1995,2020,1995,2010,3700
2/15/2023 16:00:00,2020,2020,1980,2010,55800
2/16/2023 16:00:00,2010,2010,1990,2000,5300
2/17/2023 16:00:00,2030,2050,1970,1990,33800
2/20/2023 16:00:00,1990,2030,1990,2010,38400
2/21/2023 16:00:00,2010,2010,1965,2000,32700
2/22/2023 16:00:00,2000,2000,1990,1995,2700
2/23/2023 16:00:00,1995,2020,1995,2000,9300
2/24/2023 16:00:00,2000,2020,1985,1990,18900
2/27/2023 16:00:00,1990,2020,1990,2020,9900
2/28/2023 16:00:00,2020,2060,1980,2000,11200
3/1/2023 16:00:00,1995,2000,1915,2000,58400
3/2/2023 16:00:00,2000,2030,1975,1995,12800
3/3/2023 16:00:00,1995,2070,1975,2030,21500
3/6/2023 16:00:00,2030,2030,1990,1995,19000
3/7/2023 16:00:00,1995,2050,1985,2030,44100
3/8/2023 16:00:00,2050,2050,2010,2010,5000
3/9/2023 16:00:00,2010,2020,1990,2010,9100
3/10/2023 16:00:00,2010,2010,1955,2010,94400
3/13/2023 16:00:00,2010,2010,1970,1975,39900
3/14/2023 16:00:00,1975,2000,1955,1995,6700
3/15/2023 16:00:00,1995,2000,1980,1980,3200
3/16/2023 16:00:00,1990,1990,1955,1985,3700
3/17/2023 16:00:00,1985,1995,1960,1995,8600
3/20/2023 16:00:00,1960,1995,1950,1990,2100
3/21/2023 16:00:00,1990,2000,1985,2000,32500
3/24/2023 16:00:00,2010,2010,1990,2000,17600
3/27/2023 16:00:00,1990,2010,1985,2000,15100
3/28/2023 16:00:00,2000,2010,1985,2010,36000
3/29/2023 16:00:00,2000,2030,1985,2030,123000
3/30/2023 16:00:00,2030,2030,2010,2020,33500
3/31/2023 16:00:00,2000,2150,2000,2020,22300
4/3/2023 16:00:00,2020,2080,2010,2010,29800
4/4/2023 16:00:00,2060,2060,1995,1995,32800
4/5/2023 16:00:00,2000,2050,2000,2010,7300
4/6/2023 16:00:00,2010,2050,1995,2010,16900
4/10/2023 16:00:00,1995,2030,1985,2030,42400
4/11/2023 16:00:00,2040,2040,2000,2040,137500
4/12/2023 16:00:00,2050,2050,2010,2010,6600
4/13/2023 16:00:00,2010,2030,2000,2000,163200
4/14/2023 16:00:00,2000,2010,2000,2000,13000
4/17/2023 16:00:00,2000,2020,1995,2020,9700
4/18/2023 16:00:00,2030,2030,2000,2010,19600
4/26/2023 16:00:00,2020,2020,1995,2010,50300
4/27/2023 16:00:00,2010,2040,1985,2000,146900
4/28/2023 16:00:00,2000,2010,2000,2010,24500
5/2/2023 16:00:00,2010,2020,2000,2000,40700
5/3/2023 16:00:00,2000,2010,1990,2010,28200
5/4/2023 16:00:00,1995,2020,1995,2010,15300
5/5/2023 16:00:00,2010,2010,1995,2010,46200
5/8/2023 16:00:00,2010,2010,2000,2010,41500
5/9/2023 16:00:00,2010,2020,2000,2000,52500
5/10/2023 16:00:00,2010,2010,2000,2000,21400
5/11/2023 16:00:00,2000,2010,1995,2010,17200
5/12/2023 16:00:00,2010,2010,1995,2010,31200
5/15/2023 16:00:00,2010,2010,1995,2010,25400
5/16/2023 16:00:00,2000,2010,2000,2000,47300
5/17/2023 16:00:00,2000,2000,1990,2000,52200
5/19/2023 16:00:00,2000,2000,1995,2000,28300
5/22/2023 16:00:00,1995,2000,1995,2000,92400
5/23/2023 16:00:00,2000,2010,2000,2010,26100
5/24/2023 16:00:00,2000,2010,2000,2010,29800
5/25/2023 16:00:00,2010,2010,2000,2010,27700
5/26/2023 16:00:00,2010,2020,2000,2000,30300
5/29/2023 16:00:00,2000,2010,1990,1995,67500
5/30/2023 16:00:00,1995,2000,1985,1990,46000
5/31/2023 16:00:00,1990,1995,1985,1990,17500
6/5/2023 16:00:00,1990,2000,1955,1995,51300
6/6/2023 16:00:00,1995,2040,1995,2000,180800
6/7/2023 16:00:00,2000,2060,1970,2020,265100
6/8/2023 16:00:00,1985,1985,1920,1930,205800
6/9/2023 16:00:00,1945,2000,1940,1955,85300
6/12/2023 16:00:00,1955,1980,1945,1975,54600
6/13/2023 16:00:00,1975,1975,1955,1975,23800
6/14/2023 16:00:00,1965,1975,1940,1970,31100
6/15/2023 16:00:00,1970,1975,1960,1970,13300
6/16/2023 16:00:00,1985,1985,1950,1965,70000
6/19/2023 16:00:00,1960,1970,1955,1970,46200
6/20/2023 16:00:00,1970,1970,1950,1955,204700
6/21/2023 16:00:00,1955,1955,1945,1955,156200
6/22/2023 16:00:00,1990,1990,1940,1940,112100
6/23/2023 16:00:00,1945,1950,1935,1940,58900
6/26/2023 16:00:00,1945,1965,1900,1940,112500
6/27/2023 16:00:00,1940,1945,1940,1945,68000
7/3/2023 16:00:00,1960,1965,1940,1940,61500
7/4/2023 16:00:00,1940,1970,1940,1950,55000
7/5/2023 16:00:00,1975,1980,1945,1950,98700
7/6/2023 16:00:00,1950,1980,1950,1970,140900
7/7/2023 16:00:00,1950,1970,1945,1950,535300
7/10/2023 16:00:00,1950,1975,1930,1945,154200
7/11/2023 16:00:00,1945,1970,1930,1945,84200
7/12/2023 16:00:00,1970,1970,1945,1945,46200
7/13/2023 16:00:00,1945,1950,1940,1945,115000
7/14/2023 16:00:00,1945,1965,1945,1950,58700
7/17/2023 16:00:00,1950,1960,1945,1950,58200
7/18/2023 16:00:00,1950,1960,1950,1955,62500
7/20/2023 16:00:00,1955,1955,1945,1945,160200
7/21/2023 16:00:00,1950,1960,1945,1960,78400
7/24/2023 16:00:00,1965,2030,1960,2000,274000
7/25/2023 16:00:00,2010,2010,1985,1990,82100
7/26/2023 16:00:00,2000,2000,1980,1985,56500
7/27/2023 16:00:00,1990,2000,1940,1950,261100
7/28/2023 16:00:00,1940,1960,1915,1930,157200
7/31/2023 16:00:00,1930,1970,1910,1945,66000
8/1/2023 16:00:00,1945,1960,1935,1945,12400
8/2/2023 16:00:00,1960,1960,1935,1940,23400
8/3/2023 16:00:00,1950,1950,1935,1940,25400
8/4/2023 16:00:00,1950,1950,1935,1940,20100
8/7/2023 16:00:00,1940,1950,1940,1950,18200
8/8/2023 16:00:00,1950,1950,1940,1950,20200
8/9/2023 16:00:00,1955,1965,1940,1945,16300
8/10/2023 16:00:00,1950,1960,1950,1950,35800
8/11/2023 16:00:00,1960,1960,1945,1945,8400
8/14/2023 16:00:00,1945,1950,1935,1935,48700
8/15/2023 16:00:00,1950,1955,1940,1945,5600
8/16/2023 16:00:00,1945,1945,1935,1945,15900
8/18/2023 16:00:00,1945,1945,1935,1940,8300
8/21/2023 16:00:00,1940,1945,1930,1940,59500
8/22/2023 16:00:00,1925,1945,1925,1940,31800
8/23/2023 16:00:00,1940,1940,1930,1940,10600
8/24/2023 16:00:00,1945,1945,1920,1945,42100
8/25/2023 16:00:00,1945,1950,1930,1935,28900
8/28/2023 16:00:00,1950,1950,1930,1935,129800
8/29/2023 16:00:00,1935,1950,1930,1945,22200
8/30/2023 16:00:00,1945,1955,1930,1945,10900
8/31/2023 16:00:00,1945,1945,1935,1945,15300
9/1/2023 16:00:00,1945,1945,1940,1940,27100
9/4/2023 16:00:00,1945,1950,1935,1940,8100
9/5/2023 16:00:00,1940,1945,1935,1945,15900
9/6/2023 16:00:00,1945,1945,1925,1925,38200
9/7/2023 16:00:00,1925,1945,1920,1920,52600
9/8/2023 16:00:00,1920,1945,1920,1920,87900
9/11/2023 16:00:00,1920,1945,1920,1940,16100
9/12/2023 16:00:00,1940,1940,1930,1940,3300
9/13/2023 16:00:00,1940,1940,1930,1935,14600
9/14/2023 16:00:00,1935,1935,1920,1925,32600
9/15/2023 16:00:00,1925,1930,1910,1920,16400
9/18/2023 16:00:00,1920,1940,1885,1885,203000
9/19/2023 16:00:00,1920,1935,1885,1885,81900
9/20/2023 16:00:00,1885,1930,1885,1900,21600
9/21/2023 16:00:00,1910,1910,1870,1885,64000
9/22/2023 16:00:00,1890,1900,1880,1900,27800
9/25/2023 16:00:00,1900,1900,1875,1900,83600
9/26/2023 16:00:00,1900,1905,1885,1895,21100
9/27/2023 16:00:00,1900,1900,1860,1860,39000
9/29/2023 16:00:00,1905,1905,1845,1845,44600
10/2/2023 16:00:00,1900,1900,1845,1885,104800
10/3/2023 16:00:00,1885,1885,1845,1870,41400
10/4/2023 16:00:00,1875,1875,1820,1850,86300
10/5/2023 16:00:00,1855,1885,1840,1870,6500
10/6/2023 16:00:00,1870,1870,1840,1860,18900
10/9/2023 16:00:00,1850,1860,1840,1850,22000
10/10/2023 16:00:00,1850,1880,1850,1875,17600
10/11/2023 16:00:00,1880,1880,1850,1850,19400
10/12/2023 16:00:00,1860,1860,1850,1860,2500
10/13/2023 16:00:00,1850,1860,1835,1840,23500
10/16/2023 16:00:00,1840,1860,1835,1840,20600
10/17/2023 16:00:00,1840,1860,1810,1840,32200
10/18/2023 16:00:00,1850,1855,1810,1845,24500
10/19/2023 16:00:00,1850,1855,1835,1840,13700
10/20/2023 16:00:00,1840,1840,1830,1835,8700
10/23/2023 16:00:00,1830,1840,1820,1820,74900
10/24/2023 16:00:00,1825,1830,1820,1825,2400
10/25/2023 16:00:00,1825,1935,1825,1900,115400
10/26/2023 16:00:00,1900,1900,1850,1865,44000
10/27/2023 16:00:00,1890,1930,1890,1900,53200
10/30/2023 16:00:00,1900,1900,1865,1865,51100
10/31/2023 16:00:00,1865,1900,1865,1870,13600
11/1/2023 16:00:00,1875,1880,1865,1865,22800
11/2/2023 16:00:00,1865,1865,1860,1860,11700
11/3/2023 16:00:00,1860,1865,1855,1860,13800
11/6/2023 16:00:00,1870,1890,1860,1860,3800
11/7/2023 16:00:00,1860,1870,1860,1865,12100
11/8/2023 16:00:00,1860,1865,1855,1860,7000
11/9/2023 16:00:00,1890,1890,1860,1860,5900
11/10/2023 16:00:00,1860,1860,1855,1855,8000
11/13/2023 16:00:00,1855,1870,1850,1860,9800
11/14/2023 16:00:00,1860,1880,1850,1850,23700
11/15/2023 16:00:00,1870,1890,1850,1850,77500
11/16/2023 16:00:00,1860,1865,1860,1865,4400
11/17/2023 16:00:00,1870,1870,1850,1855,5000
11/20/2023 16:00:00,1870,1870,1835,1840,10700
11/21/2023 16:00:00,1840,1850,1840,1850,4500
11/22/2023 16:00:00,1855,1860,1840,1850,11600
11/23/2023 16:00:00,1860,1880,1850,1870,5700
11/24/2023 16:00:00,1870,1905,1870,1875,18800
11/27/2023 16:00:00,1875,1890,1870,1880,24100
11/28/2023 16:00:00,1885,1895,1885,1890,6000
11/29/2023 16:00:00,1890,1895,1885,1890,12400
11/30/2023 16:00:00,1890,1890,1870,1885,7000
12/1/2023 16:00:00,1885,1885,1870,1870,10100
12/4/2023 16:00:00,1870,1870,1855,1860,5800
12/5/2023 16:00:00,1905,1905,1860,1870,2900
12/6/2023 16:00:00,1865,1870,1860,1870,6400
12/7/2023 16:00:00,1860,1865,1850,1850,6500
12/8/2023 16:00:00,1850,1850,1845,1850,6400
12/11/2023 16:00:00,1850,1855,1845,1845,30000
12/12/2023 16:00:00,1845,1850,1840,1850,7000
12/13/2023 16:00:00,1850,1850,1835,1835,4900
12/14/2023 16:00:00,1835,1835,1830,1835,5800
12/15/2023 16:00:00,1835,1835,1825,1835,2700
12/18/2023 16:00:00,1825,1845,1825,1840,29500
12/19/2023 16:00:00,1835,1835,1825,1835,58400
12/20/2023 16:00:00,1840,1850,1840,1845,2400
12/21/2023 16:00:00,1850,1850,1845,1850,8400
12/22/2023 16:00:00,1845,1860,1840,1840,40900
12/27/2023 16:00:00,1850,1850,1840,1845,5600
12/28/2023 16:00:00,1845,1850,1830,1845,34800
12/29/2023 16:00:00,1845,1850,1830,1845,4200
1/2/2024 16:00:00,1845,1860,1845,1845,28100
1/3/2024 16:00:00,1855,1870,1855,1870,14400
1/4/2024 16:00:00,1870,1885,1870,1885,31500
1/5/2024 16:00:00,1890,1890,1880,1885,11400
1/8/2024 16:00:00,1885,1900,1880,1890,17400
1/9/2024 16:00:00,1890,1905,1890,1895,21800
1/10/2024 16:00:00,1900,1900,1875,1890,5200
1/11/2024 16:00:00,1890,1890,1870,1875,10000
1/12/2024 16:00:00,1895,1895,1865,1880,29000
1/15/2024 16:00:00,1890,1890,1875,1880,29500
1/16/2024 16:00:00,1885,1900,1885,1890,17800
1/17/2024 16:00:00,1895,1895,1885,1890,23300
1/18/2024 16:00:00,1890,1900,1875,1890,11700
1/19/2024 16:00:00,1880,1900,1880,1890,12500
1/22/2024 16:00:00,1890,1890,1880,1890,17200
1/23/2024 16:00:00,1890,1890,1860,1880,12100
1/24/2024 16:00:00,1865,1880,1865,1880,3200
1/25/2024 16:00:00,1865,1875,1865,1875,16700
1/26/2024 16:00:00,1875,1875,1865,1875,5200
1/29/2024 16:00:00,1865,1880,1865,1870,11400
1/30/2024 16:00:00,1880,1900,1870,1880,1500
1/31/2024 16:00:00,1880,1880,1875,1875,3400
2/1/2024 16:00:00,1900,1900,1875,1880,6800
2/2/2024 16:00:00,1900,1900,1875,1875,2100
2/5/2024 16:00:00,1875,1875,1855,1855,14600
2/6/2024 16:00:00,1855,1865,1855,1860,1100
2/7/2024 16:00:00,1860,1865,1850,1865,20000
2/12/2024 16:00:00,1855,1865,1845,1860,63700
2/13/2024 16:00:00,1860,1865,1850,1850,4200
2/15/2024 16:00:00,1850,1860,1850,1860,19600
2/16/2024 16:00:00,1850,1880,1850,1855,8600
2/19/2024 16:00:00,1860,1860,1850,1860,1400
2/20/2024 16:00:00,1855,1880,1855,1880,5800
2/21/2024 16:00:00,1865,1875,1865,1875,4400
2/22/2024 16:00:00,1875,1875,1860,1860,7100
2/23/2024 16:00:00,1860,1930,1860,1920,53000
2/26/2024 16:00:00,1910,1915,1880,1900,17600
2/27/2024 16:00:00,1900,1900,1850,1870,67600
2/28/2024 16:00:00,1875,1880,1865,1865,18500
2/29/2024 16:00:00,1865,1890,1865,1875,8000
3/1/2024 16:00:00,1885,1885,1840,1845,31100
3/4/2024 16:00:00,1850,1890,1845,1855,10800
3/5/2024 16:00:00,1875,1880,1850,1860,6900
3/6/2024 16:00:00,1850,1860,1850,1860,800
3/7/2024 16:00:00,1865,1880,1865,1880,9900
3/8/2024 16:00:00,1875,1875,1840,1850,29000
3/13/2024 16:00:00,1880,1880,1850,1860,9800
3/14/2024 16:00:00,1860,1880,1860,1870,8200
3/15/2024 16:00:00,1865,1870,1860,1870,8700
3/18/2024 16:00:00,1865,1930,1865,1875,47100
3/19/2024 16:00:00,1875,1890,1870,1875,37700
3/20/2024 16:00:00,1875,1900,1875,1895,65700
3/21/2024 16:00:00,1875,1895,1865,1890,33600
3/22/2024 16:00:00,1890,1895,1880,1880,6900
3/25/2024 16:00:00,1920,1920,1865,1885,16200
3/26/2024 16:00:00,1890,1890,1880,1885,18400
3/27/2024 16:00:00,1885,1900,1880,1900,60600
3/28/2024 16:00:00,1900,1910,1885,1890,10700
4/1/2024 16:00:00,1910,1910,1860,1900,34900
4/2/2024 16:00:00,1890,1900,1865,1880,6800
4/3/2024 16:00:00,1880,1900,1870,1900,6100
4/4/2024 16:00:00,1900,1900,1875,1875,12600
4/5/2024 16:00:00,1890,1910,1875,1880,61200
4/16/2024 16:00:00,1925,1930,1860,1875,34200
4/17/2024 16:00:00,1865,1905,1860,1860,8300
4/18/2024 16:00:00,1855,1895,1855,1860,6700
4/19/2024 16:00:00,1895,1895,1850,1865,28500
4/22/2024 16:00:00,1865,1905,1860,1870,11500
4/23/2024 16:00:00,1865,1865,1850,1855,10300
4/24/2024 16:00:00,1870,1870,1860,1860,1600
4/25/2024 16:00:00,1860,1890,1835,1860,11800
4/26/2024 16:00:00,1890,1890,1850,1860,26800
4/29/2024 16:00:00,1855,1890,1835,1860,23700
4/30/2024 16:00:00,1860,1870,1850,1870,6500
5/2/2024 16:00:00,1870,1890,1870,1875,39500
5/3/2024 16:00:00,1850,1890,1840,1845,17100
5/6/2024 16:00:00,1845,1885,1835,1870,23700
5/7/2024 16:00:00,1870,1890,1855,1875,10500
5/8/2024 16:00:00,1870,1870,1805,1825,35100
5/13/2024 16:00:00,1830,1875,1830,1835,9200
5/14/2024 16:00:00,1835,1855,1835,1840,1800
5/15/2024 16:00:00,1860,1860,1845,1855,4800
5/16/2024 16:00:00,1865,1865,1845,1860,5300
5/17/2024 16:00:00,1850,1860,1850,1860,5100
5/20/2024 16:00:00,1865,1865,1850,1850,6800
5/21/2024 16:00:00,1870,1870,1840,1840,16600
5/22/2024 16:00:00,1840,1870,1840,1860,9400
5/27/2024 16:00:00,1860,1875,1855,1870,8500
5/28/2024 16:00:00,1870,1875,1870,1870,4100
5/29/2024 16:00:00,1875,1880,1860,1870,23100
5/30/2024 16:00:00,1890,1890,1860,1880,3100
5/31/2024 16:00:00,1870,1880,1850,1880,31100
6/3/2024 16:00:00,1880,1895,1835,1895,20500
6/4/2024 16:00:00,1895,1895,1850,1875,8900
6/5/2024 16:00:00,1890,1895,1875,1875,8900
6/6/2024 16:00:00,1890,1890,1865,1865,6700
6/7/2024 16:00:00,1865,1870,1860,1860,3500
6/10/2024 16:00:00,1865,1865,1800,1860,91800
6/11/2024 16:00:00,1870,1870,1850,1865,7200
6/12/2024 16:00:00,1865,1870,1815,1865,7100
6/13/2024 16:00:00,1870,1870,1815,1840,3400
6/14/2024 16:00:00,1840,1865,1830,1865,7600
6/19/2024 16:00:00,1865,1865,1835,1835,8100
6/20/2024 16:00:00,1835,1900,1835,1900,43100
6/21/2024 16:00:00,1835,1895,1835,1880,4600
6/24/2024 16:00:00,1880,1880,1850,1875,7100
6/25/2024 16:00:00,1880,1880,1860,1880,3500
6/26/2024 16:00:00,1870,1880,1860,1880,8500
6/27/2024 16:00:00,1880,1880,1860,1880,7000
6/28/2024 16:00:00,1870,1875,1845,1870,215700
7/1/2024 16:00:00,1875,1915,1860,1910,235100
7/2/2024 16:00:00,1910,1915,1860,1895,228300
7/3/2024 16:00:00,1895,1900,1875,1895,215200
7/4/2024 16:00:00,1900,1950,1850,1920,669200
7/5/2024 16:00:00,1830,1865,1800,1835,416600
7/8/2024 16:00:00,1835,1835,1810,1830,77300
7/9/2024 16:00:00,1830,1830,1815,1825,78200
7/10/2024 16:00:00,1825,1830,1820,1825,34600
7/11/2024 16:00:00,1830,1835,1810,1825,62400
7/12/2024 16:00:00,1880,1900,1820,1825,19200
7/15/2024 16:00:00,1825,1835,1820,1835,48900
7/16/2024 16:00:00,1830,1835,1825,1835,36400
7/17/2024 16:00:00,1825,1835,1820,1830,44400
7/18/2024 16:00:00,1830,1835,1825,1830,107200
7/19/2024 16:00:00,1830,1835,1820,1825,75200
7/22/2024 16:00:00,1840,1840,1825,1830,33100
7/23/2024 16:00:00,1830,1845,1825,1835,154400
7/24/2024 16:00:00,1835,1845,1835,1840,24300
7/25/2024 16:00:00,1885,2250,1885,2150,2803100
7/26/2024 16:00:00,2150,2180,2000,2080,836800
7/29/2024 16:00:00,2080,2150,2050,2100,571600
7/30/2024 16:00:00,2090,2130,2060,2090,975200
7/31/2024 16:00:00,2090,2120,2070,2120,185400
8/1/2024 16:00:00,2120,2120,2000,2040,1147300
8/2/2024 16:00:00,2050,2080,2030,2070,197700
8/5/2024 16:00:00,2070,2070,1985,2060,262200
8/6/2024 16:00:00,2050,2060,1965,1980,575700
8/7/2024 16:00:00,1980,2020,1980,2010,107100
8/8/2024 16:00:00,2010,2050,1995,2050,252200
8/9/2024 16:00:00,2050,2070,2030,2030,108200
8/12/2024 16:00:00,2030,2060,2030,2040,53200
8/13/2024 16:00:00,2040,2050,1995,2040,97600
8/14/2024 16:00:00,2040,2060,2030,2050,49000
8/15/2024 16:00:00,2050,2060,2030,2060,52500
8/16/2024 16:00:00,2060,2110,2060,2070,53200
8/19/2024 16:00:00,2070,2080,2040,2050,100700
8/20/2024 16:00:00,2060,2100,2040,2100,52900
8/21/2024 16:00:00,2100,2100,2040,2060,82800
8/22/2024 16:00:00,2060,2080,2050,2050,63500
8/23/2024 16:00:00,2040,2070,2040,2060,14800
8/26/2024 16:00:00,2070,2080,2030,2050,73600
8/27/2024 16:00:00,2050,2060,2040,2050,13300
8/28/2024 16:00:00,2050,2070,2000,2060,236500
8/29/2024 16:00:00,2060,2130,2020,2030,89500
8/30/2024 16:00:00,2050,2080,2000,2030,94300
9/2/2024 16:00:00,2050,2100,2030,2030,89100
9/3/2024 16:00:00,2060,2060,2020,2040,30200
9/4/2024 16:00:00,2040,2050,2020,2040,30300
9/5/2024 16:00:00,2030,2070,2030,2040,70900
9/6/2024 16:00:00,2050,2080,2030,2050,154200
9/9/2024 16:00:00,2060,2070,2040,2040,91300
9/10/2024 16:00:00,2050,2070,2040,2060,127800
9/11/2024 16:00:00,2060,2060,2050,2050,15100
9/12/2024 16:00:00,2060,2090,2040,2070,89200
9/13/2024 16:00:00,2070,2080,2040,2070,15500
9/17/2024 16:00:00,2040,2080,2040,2060,41200
9/18/2024 16:00:00,2050,2090,2050,2070,70600
9/19/2024 16:00:00,2070,2110,2070,2090,34200
9/20/2024 16:00:00,2090,2110,2070,2100,65600
9/23/2024 16:00:00,2100,2150,2050,2110,114600
9/24/2024 16:00:00,2110,2110,2070,2100,26200
9/25/2024 16:00:00,2100,2100,2040,2070,76000
9/26/2024 16:00:00,2070,2090,2050,2080,11100
9/27/2024 16:00:00,2080,2090,2060,2090,56000
9/30/2024 16:00:00,2100,2100,2070,2090,40400
10/1/2024 16:00:00,2090,2090,2070,2090,17400
10/2/2024 16:00:00,2090,2090,2060,2070,64400
10/3/2024 16:00:00,2090,2090,2070,2070,4000
10/4/2024 16:00:00,2060,2090,2050,2090,39800
10/7/2024 16:00:00,2090,2090,2060,2070,1100
10/8/2024 16:00:00,2070,2090,2060,2090,6800
10/9/2024 16:00:00,2090,2090,2070,2090,41400
10/10/2024 16:00:00,2090,2090,2060,2060,7400
10/11/2024 16:00:00,2060,2090,2040,2080,5200
10/14/2024 16:00:00,2080,2100,2070,2100,23400
10/15/2024 16:00:00,2100,2100,2080,2080,32500
10/16/2024 16:00:00,2090,2100,2080,2100,7400
10/17/2024 16:00:00,2100,2230,2080,2160,385500
10/18/2024 16:00:00,2160,2170,2130,2160,27200
10/21/2024 16:00:00,2160,2160,2110,2110,79400
10/22/2024 16:00:00,2110,2200,2100,2170,31000
10/23/2024 16:00:00,2170,2190,2110,2160,29300
10/24/2024 16:00:00,2160,2260,2160,2210,563700
10/25/2024 16:00:00,2220,2250,2180,2230,187100
10/28/2024 16:00:00,2230,2250,2180,2190,33900
10/29/2024 16:00:00,2190,2220,2170,2200,98200
10/30/2024 16:00:00,2220,2230,2180,2180,35300
10/31/2024 16:00:00,2180,2250,2180,2180,22200
11/1/2024 16:00:00,2180,2230,2110,2190,68100
11/4/2024 16:00:00,2200,2240,2190,2190,51800
11/5/2024 16:00:00,2190,2200,2130,2190,22200
11/6/2024 16:00:00,2190,2190,2170,2170,13900
11/7/2024 16:00:00,2130,2160,2100,2130,40900
11/8/2024 16:00:00,2140,2160,2140,2140,10000
11/11/2024 16:00:00,2130,2130,2050,2090,47500
11/12/2024 16:00:00,2080,2180,2080,2150,22700
11/13/2024 16:00:00,2170,2190,2080,2140,63400
11/14/2024 16:00:00,2100,2100,2040,2070,55100
11/15/2024 16:00:00,2070,2100,2050,2050,20900
11/18/2024 16:00:00,2070,2100,2030,2050,16200
11/19/2024 16:00:00,2050,2080,2040,2080,29700
11/20/2024 16:00:00,2060,2060,2050,2060,20400
11/21/2024 16:00:00,2070,2070,1960,2040,54300
11/22/2024 16:00:00,2000,2040,2000,2040,11400
11/25/2024 16:00:00,2040,2040,2000,2040,70800
11/26/2024 16:00:00,2030,2040,2020,2030,20800
11/28/2024 16:00:00,2030,2060,2030,2050,4900
11/29/2024 16:00:00,2050,2050,2020,2050,22000
12/2/2024 16:00:00,2050,2050,2010,2010,25900
12/3/2024 16:00:00,2010,2070,2010,2070,43100
12/4/2024 16:00:00,2040,2050,2030,2050,12900
12/5/2024 16:00:00,2050,2050,2030,2030,16600
12/6/2024 16:00:00,2030,2080,2030,2040,25000
12/9/2024 16:00:00,2040,2040,2030,2040,16700
12/10/2024 16:00:00,2040,2050,2030,2030,41200
12/11/2024 16:00:00,2030,2050,2030,2040,74600
12/12/2024 16:00:00,2040,2050,2040,2040,7500
12/13/2024 16:00:00,2040,2170,2020,2070,125600
12/16/2024 16:00:00,2070,2070,2020,2030,9100
12/17/2024 16:00:00,2030,2100,2020,2050,108500
12/18/2024 16:00:00,2050,2050,2030,2050,9000
12/19/2024 16:00:00,2050,2050,1985,2000,15600
12/20/2024 16:00:00,2020,2020,2010,2010,3900
12/23/2024 16:00:00,2010,2120,2000,2050,23300
12/24/2024 16:00:00,2100,2100,2050,2050,25400
12/27/2024 16:00:00,2050,2090,2040,2070,84200
12/30/2024 16:00:00,2070,2090,2060,2080,68200
1/2/2025 16:00:00,2100,2150,2050,2130,36900
1/3/2025 16:00:00,2120,2120,2000,2050,48700
1/6/2025 16:00:00,2050,2080,2020,2060,15100
1/7/2025 16:00:00,2060,2060,2040,2060,9700
1/8/2025 16:00:00,2050,2060,2040,2050,18400
1/9/2025 16:00:00,2050,2050,2030,2050,8300
1/10/2025 16:00:00,2050,2080,2050,2050,2300
1/13/2025 16:00:00,2050,2070,2050,2060,56700
1/14/2025 16:00:00,2070,2070,2050,2060,72400
1/15/2025 16:00:00,2070,2100,2070,2090,42700
1/16/2025 16:00:00,2100,2130,2090,2120,35500
1/17/2025 16:00:00,2120,2120,2080,2090,9900
1/20/2025 16:00:00,2060,2090,2040,2050,8800
1/21/2025 16:00:00,2050,2060,2000,2050,38900
1/22/2025 16:00:00,2060,2070,2030,2050,21500
1/23/2025 16:00:00,2050,2060,2050,2060,2400
1/24/2025 16:00:00,2060,2100,2060,2070,25500
1/30/2025 16:00:00,2070,2070,2010,2040,9000
1/31/2025 16:00:00,2030,2050,2030,2050,4900
2/3/2025 16:00:00,2050,2050,2020,2030,4500
2/4/2025 16:00:00,2030,2040,2020,2020,14000
2/5/2025 16:00:00,2020,2030,2010,2030,7500
2/6/2025 16:00:00,2030,2030,1990,2000,27000
2/7/2025 16:00:00,2020,2020,1995,1995,15200
2/10/2025 16:00:00,1995,2010,1995,2000,48000
2/11/2025 16:00:00,1995,1995,1985,1990,40600
2/12/2025 16:00:00,1990,2080,1990,2080,14100
2/13/2025 16:00:00,2040,2040,2010,2030,3000
2/14/2025 16:00:00,2080,2080,2000,2020,6300
2/17/2025 16:00:00,2020,2070,2020,2050,6500
2/18/2025 16:00:00,2050,2120,2040,2050,51300
2/19/2025 16:00:00,2050,2090,2050,2050,900
2/20/2025 16:00:00,2050,2050,2020,2050,25100
2/21/2025 16:00:00,2050,2080,2040,2050,92800
2/24/2025 16:00:00,2000,2090,1980,2000,154300
2/25/2025 16:00:00,1990,1990,1975,1980,96900
2/26/2025 16:00:00,1990,1995,1900,1970,75300
2/27/2025 16:00:00,1970,1970,1920,1955,22100
2/28/2025 16:00:00,1935,1950,1920,1950,62100
