Date,Price,Open,High,Low,Vol.,Change %
1/2/2020,"1,715","1,675","1,980","1,675",152.60K,2.69%
1/3/2020,"1,700","1,715","1,765","1,700",105.40K,-0.87%
1/6/2020,"1,660","1,700","1,700","1,605",95.80K,-2.35%
1/7/2020,"1,645","1,660","1,665","1,610",179.60K,-0.90%
1/8/2020,"1,610","1,645","1,645","1,605",32.60K,-2.13%
1/9/2020,"1,640","1,610","1,640","1,610",4.20K,1.86%
1/10/2020,"1,640","1,650","1,650","1,635",50.60K,0.00%
1/13/2020,"1,610","1,650","1,650","1,605",119.50K,-1.83%
1/14/2020,"1,595","1,645","1,645","1,585",167.90K,-0.93%
1/15/2020,"1,590","1,595","1,600","1,590",32.40K,-0.31%
1/16/2020,"1,615","1,590","1,615","1,575",117.80K,1.57%
1/17/2020,"1,610","1,615","1,615","1,600",95.10K,-0.31%
1/20/2020,"1,620","1,600","1,625","1,600",16.40K,0.62%
1/21/2020,"1,625","1,610","1,630","1,605",178.80K,0.31%
1/22/2020,"1,570","1,625","1,625","1,570",94.60K,-3.38%
1/23/2020,"1,560","1,570","1,585","1,550",52.30K,-0.64%
1/24/2020,"1,570","1,555","1,570","1,550",24.30K,0.64%
1/27/2020,"1,545","1,565","1,570","1,475",126.40K,-1.59%
1/28/2020,"1,545","1,500","1,545","1,470",33.70K,0.00%
1/29/2020,"1,595","1,545","1,640","1,545",20.20K,3.24%
1/30/2020,"1,575","1,595","1,595","1,565",47.70K,-1.25%
1/31/2020,"1,550","1,575","1,575","1,525",70.20K,-1.59%
2/3/2020,"1,580","1,550","1,600","1,530",42.10K,1.94%
2/4/2020,"1,595","1,600","1,600","1,565",9.80K,0.95%
2/5/2020,"1,560","1,605","1,610","1,555",17.30K,-2.19%
2/6/2020,"1,555","1,545","1,560","1,545",39.90K,-0.32%
2/7/2020,"1,545","1,560","1,560","1,545",16.50K,-0.64%
2/10/2020,"1,540","1,545","1,545","1,540",8.70K,-0.32%
2/11/2020,"1,540","1,540","1,540","1,510",16.40K,0.00%
2/12/2020,"1,530","1,560","1,560","1,530",3.90K,-0.65%
2/13/2020,"1,550","1,530","1,550","1,500",28.10K,1.31%
2/14/2020,"1,530","1,525","1,545","1,525",1.40K,-1.29%
2/17/2020,"1,530","1,530","1,560","1,530",15.10K,0.00%
2/18/2020,"1,580","1,505","1,600","1,505",45.00K,3.27%
2/19/2020,"1,570","1,575","1,580","1,530",12.10K,-0.63%
2/20/2020,"1,590","1,565","1,600","1,530",21.30K,1.27%
2/21/2020,"1,560","1,570","1,580","1,545",5.00K,-1.89%
2/24/2020,"1,530","1,560","1,600","1,530",27.10K,-1.92%
2/25/2020,"1,560","1,510","1,565","1,510",30.10K,1.96%
2/26/2020,"1,530","1,560","1,560","1,530",6.90K,-1.92%
2/27/2020,"1,500","1,530","1,530","1,500",42.40K,-1.96%
2/28/2020,"1,470","1,495","1,495","1,370",154.10K,-2.00%
3/2/2020,"1,440","1,470","1,475","1,440",29.20K,-2.04%
3/3/2020,"1,515","1,440","1,535","1,440",17.80K,5.21%
3/4/2020,"1,550","1,515","1,550","1,490",22.70K,2.31%
3/5/2020,"1,530","1,560","1,575","1,525",19.70K,-1.29%
3/6/2020,"1,500","1,530","1,530","1,500",25.10K,-1.96%
3/9/2020,"1,440","1,490","1,500","1,440",110.50K,-4.00%
3/10/2020,"1,430","1,440","1,450","1,420",36.30K,-0.69%
3/11/2020,"1,415","1,430","1,575","1,410",110.50K,-1.05%
3/12/2020,"1,355","1,410","1,410","1,350",16.90K,-4.24%
3/13/2020,"1,275","1,330","1,370","1,265",78.90K,-5.90%
3/16/2020,"1,190","1,275","1,275","1,190",149.60K,-6.67%
3/17/2020,"1,110","1,175","1,175","1,110",36.50K,-6.72%
3/18/2020,"1,035","1,100","1,100","1,035",128.30K,-6.76%
3/19/2020,965,"1,000","1,035",965,139.00K,-6.76%
3/20/2020,"1,000",965,"1,100",955,7.80K,3.63%
3/23/2020,"1,000","1,000","1,045","1,000",25.60K,0.00%
3/24/2020,"1,085","1,000","1,085","1,000",16.40K,8.50%
3/26/2020,"1,150","1,100","1,150","1,100",0.80K,5.99%
3/27/2020,"1,225","1,200","1,250","1,170",55.80K,6.52%
3/30/2020,"1,200","1,220","1,220","1,200",47.10K,-2.04%
3/31/2020,"1,200","1,200","1,200","1,160",2.30K,0.00%
4/1/2020,"1,230","1,230","1,235","1,230",1.50K,2.50%
4/2/2020,"1,210","1,250","1,250","1,210",6.40K,-1.63%
4/3/2020,"1,300","1,510","1,510","1,230",92.10K,7.44%
4/6/2020,"1,350","1,300","1,450","1,300",9.30K,3.85%
4/7/2020,"1,260","1,400","1,400","1,260",132.50K,-6.67%
4/8/2020,"1,275","1,400","1,400","1,265",8.30K,1.19%
4/9/2020,"1,275","1,275","1,275","1,275",19.90K,0.00%
4/13/2020,"1,315","1,300","1,400","1,300",140.50K,3.14%
4/14/2020,"1,500","1,400","1,500","1,400",406.30K,14.07%
4/15/2020,"1,485","1,510","1,550","1,465",72.30K,-1.00%
4/16/2020,"1,390","1,485","1,525","1,385",101.90K,-6.40%
4/17/2020,"1,485","1,390","1,525","1,390",17.90K,6.83%
4/20/2020,"1,525","1,485","1,530","1,480",87.00K,2.69%
4/21/2020,"1,450","1,505","1,530","1,435",227.20K,-4.92%
4/22/2020,"1,460","1,400","1,495","1,400",16.70K,0.69%
4/23/2020,"1,490","1,485","1,490","1,450",11.60K,2.05%
4/24/2020,"1,520","1,485","1,520","1,455",29.90K,2.01%
4/27/2020,"1,470","1,460","1,515","1,460",7.20K,-3.29%
4/28/2020,"1,485","1,450","1,500","1,420",3.40K,1.02%
4/29/2020,"1,510","1,500","1,510","1,485",211.20K,1.68%
4/30/2020,"1,510","1,510","1,550","1,500",19.80K,0.00%
5/4/2020,"1,510","1,510","1,510","1,485",34.90K,0.00%
5/5/2020,"1,505","1,510","1,530","1,500",23.30K,-0.33%
5/6/2020,"1,520","1,505","1,600","1,470",170.10K,1.00%
5/8/2020,"1,475","1,520","1,520","1,470",278.60K,-2.96%
5/11/2020,"1,475","1,475","1,500","1,455",67.30K,0.00%
5/12/2020,"1,480","1,475","1,510","1,475",9.30K,0.34%
5/13/2020,"1,695","1,475","1,745","1,460",310.50K,14.53%
5/14/2020,"1,690","1,660","1,710","1,610",890.70K,-0.29%
5/15/2020,"1,655","1,690","1,700","1,650",91.60K,-2.07%
5/18/2020,"1,690","1,655","1,705","1,655",395.80K,2.11%
5/19/2020,"1,700","1,690","1,700","1,690",16.90K,0.59%
5/20/2020,"1,690","1,685","1,690","1,600",72.30K,-0.59%
5/26/2020,"1,705","1,690","1,705","1,690",162.80K,0.89%
5/27/2020,"1,695","1,700","1,700","1,675",49.90K,-0.59%
5/28/2020,"1,695","1,695","1,705","1,690",477.60K,0.00%
5/29/2020,"1,705","1,695","1,705","1,685",164.10K,0.59%
6/2/2020,"1,690","1,705","1,705","1,690",233.70K,-0.88%
6/3/2020,"1,705","1,690","1,705","1,685",327.60K,0.89%
6/4/2020,"1,700","1,705","1,705","1,695",435.70K,-0.29%
6/5/2020,"1,700","1,700","1,700","1,650",117.60K,0.00%
6/8/2020,"1,700","1,700","1,705","1,680",438.00K,0.00%
6/9/2020,"1,725","1,700","1,750","1,700",1.06M,1.47%
6/10/2020,"1,715","1,730","1,730","1,715",232.30K,-0.58%
6/11/2020,"1,785","1,750","1,790","1,725",121.50K,4.08%
6/12/2020,"1,790","1,755","1,800","1,700",54.80K,0.28%
6/15/2020,"1,780","1,790","1,800","1,780",333.00K,-0.56%
6/16/2020,"1,820","1,790","1,900","1,790",185.10K,2.25%
6/17/2020,"1,830","1,820","1,880","1,800",119.30K,0.55%
6/18/2020,"1,845","1,830","1,850","1,795",134.50K,0.82%
6/19/2020,"1,895","1,830","2,000","1,825",150.30K,2.71%
6/22/2020,"1,930","1,900","1,970","1,895",207.40K,1.85%
6/23/2020,"1,970","1,930","1,980","1,930",86.00K,2.07%
6/24/2020,"1,985","1,975","2,040","1,950",103.90K,0.76%
6/25/2020,"1,985","1,985","2,010","1,970",44.30K,0.00%
6/26/2020,"1,970","2,000","2,000","1,870",43.10K,-0.76%
6/29/2020,"1,980","1,970","1,980","1,940",79.70K,0.51%
6/30/2020,"1,995","1,980","2,000","1,970",83.10K,0.76%
7/1/2020,"2,020","2,000","2,070","2,000",153.20K,1.25%
7/2/2020,"2,030","2,050","2,100","2,000",144.20K,0.50%
7/3/2020,"1,990","2,050","2,050","1,990",366.20K,-1.97%
7/6/2020,"2,000","1,990","2,020","1,990",83.90K,0.50%
7/7/2020,"1,985","2,000","2,010","1,980",59.50K,-0.75%
7/8/2020,"1,985","1,990","2,000","1,980",43.10K,0.00%
7/9/2020,"1,955","1,995","2,030","1,945",74.90K,-1.51%
7/10/2020,"1,960","1,965","1,985","1,960",25.70K,0.26%
7/13/2020,"1,980","1,960","1,995","1,960",70.00K,1.02%
7/14/2020,"1,990","2,000","2,000","1,970",42.60K,0.51%
7/15/2020,"1,980","1,990","1,990","1,970",40.30K,-0.50%
7/16/2020,"1,990","1,990","1,995","1,990",34.80K,0.51%
7/17/2020,"1,995","1,985","2,000","1,980",24.10K,0.25%
7/20/2020,"2,000","1,995","2,090","1,995",213.50K,0.25%
7/21/2020,"2,000","2,060","2,060","1,995",353.80K,0.00%
7/22/2020,"2,010","2,020","2,020","1,990",291.60K,0.50%
7/23/2020,"1,995","2,010","2,040","1,995",245.00K,-0.75%
7/24/2020,"2,010","2,010","2,010","1,995",126.20K,0.75%
7/27/2020,"2,000","2,010","2,020","2,000",72.40K,-0.50%
7/28/2020,"1,925","1,995","1,995","1,870",751.10K,-3.75%
7/29/2020,"1,900","1,925","1,930","1,800",230.80K,-1.30%
7/30/2020,"1,800","1,880","1,880","1,775",597.80K,-5.26%
8/3/2020,"1,710","1,800","1,800","1,675",279.80K,-5.00%
8/4/2020,"1,835","1,710","1,835","1,700",115.60K,7.31%
8/5/2020,"1,870","1,845","1,870","1,810",81.00K,1.91%
8/6/2020,"1,935","1,870","1,945","1,870",94.60K,3.48%
8/7/2020,"1,920","1,950","1,950","1,910",75.60K,-0.78%
8/10/2020,"1,930","1,910","1,940","1,910",110.00K,0.52%
8/11/2020,"1,935","1,935","1,960","1,930",142.10K,0.26%
8/12/2020,"1,960","1,925","1,960","1,925",59.90K,1.29%
8/13/2020,"1,965","1,960","1,970","1,950",89.10K,0.26%
8/14/2020,"1,980","1,965","2,040","1,935",135.90K,0.76%
8/18/2020,"1,985","1,980","2,000","1,955",35.20K,0.25%
8/19/2020,"2,010","2,000","2,010","1,990",342.10K,1.26%
8/24/2020,"2,080","2,020","2,090","2,020",262.30K,3.48%
8/25/2020,"2,000","2,080","2,150","1,940",864.90K,-3.85%
8/26/2020,"1,975","2,000","2,000","1,900",79.10K,-1.25%
8/27/2020,"1,970","1,975","1,995","1,955",33.60K,-0.25%
8/28/2020,"1,990","1,995","2,000","1,985",102.10K,1.02%
8/31/2020,"2,000","2,020","2,090","1,990",495.50K,0.50%
9/1/2020,"2,000","2,000","2,000","1,995",101.70K,0.00%
9/2/2020,"2,000","2,000","2,020","1,995",392.70K,0.00%
9/3/2020,"1,895","1,950","1,950","1,860",402.90K,-5.25%
9/4/2020,"1,885","1,895","1,900","1,870",165.20K,-0.53%
9/7/2020,"1,870","1,895","1,895","1,840",121.90K,-0.80%
9/8/2020,"1,885","1,895","1,895","1,880",32.50K,0.80%
9/9/2020,"1,850","1,885","1,885","1,850",48.00K,-1.86%
9/10/2020,"1,725","1,845","1,845","1,725",282.20K,-6.76%
9/11/2020,"1,740","1,705","1,770","1,605",113.00K,0.87%
9/14/2020,"1,820","1,745","1,850","1,740",91.70K,4.60%
9/15/2020,"1,770","1,820","1,820","1,760",200.20K,-2.75%
9/16/2020,"1,770","1,770","1,775","1,755",51.10K,0.00%
9/17/2020,"1,745","1,770","1,770","1,730",130.00K,-1.41%
9/18/2020,"1,790","1,745","1,800","1,735",84.60K,2.58%
9/21/2020,"1,760","1,790","1,790","1,760",34.20K,-1.68%
9/22/2020,"1,730","1,760","1,760","1,720",41.90K,-1.70%
9/23/2020,"1,730","1,775","1,775","1,725",8.60K,0.00%
9/24/2020,"1,715","1,730","1,730","1,680",42.90K,-0.87%
9/25/2020,"1,715","1,740","1,740","1,700",42.20K,0.00%
9/28/2020,"1,620","1,715","1,715","1,620",108.40K,-5.54%
9/29/2020,"1,680","1,650","1,810","1,650",28.50K,3.70%
9/30/2020,"1,675","1,680","1,690","1,640",41.40K,-0.30%
10/1/2020,"1,700","1,675","1,700","1,675",14.70K,1.49%
10/2/2020,"1,700","1,715","1,715","1,620",30.90K,0.00%
10/5/2020,"1,700","1,700","1,700","1,650",36.20K,0.00%
10/6/2020,"1,700","1,700","1,740","1,700",29.50K,0.00%
10/7/2020,"1,710","1,700","1,715","1,700",8.30K,0.59%
10/8/2020,"1,715","1,710","1,715","1,705",7.00K,0.29%
10/9/2020,"1,750","1,715","1,750","1,715",32.60K,2.04%
10/12/2020,"1,735","1,760","1,765","1,735",18.10K,-0.86%
10/13/2020,"1,740","1,740","1,750","1,730",19.20K,0.29%
10/14/2020,"1,700","1,740","1,750","1,700",57.20K,-2.30%
10/15/2020,"1,700","1,705","1,705","1,650",41.90K,0.00%
10/16/2020,"1,675","1,675","1,715","1,675",19.50K,-1.47%
10/19/2020,"1,700","1,700","1,705","1,700",20.60K,1.49%
10/20/2020,"1,685","1,700","1,700","1,680",31.60K,-0.88%
10/21/2020,"1,685","1,680","1,690","1,650",27.90K,0.00%
10/22/2020,"1,710","1,670","1,720","1,655",13.80K,1.48%
10/23/2020,"1,720","1,710","1,720","1,680",9.90K,0.58%
10/26/2020,"1,720","1,730","1,735","1,720",21.90K,0.00%
10/27/2020,"1,740","1,710","1,790","1,710",72.80K,1.16%
11/2/2020,"1,735","1,740","1,740","1,700",43.00K,-0.29%
11/3/2020,"1,740","1,735","1,760","1,725",360.30K,0.29%
11/4/2020,"1,735","1,740","1,750","1,735",10.70K,-0.29%
11/5/2020,"1,745","1,735","1,775","1,730",93.20K,0.58%
11/6/2020,"1,775","1,750","1,775","1,740",116.40K,1.72%
11/9/2020,"1,805","1,775","1,830","1,775",60.80K,1.69%
11/10/2020,"1,800","1,830","1,830","1,790",44.20K,-0.28%
11/11/2020,"1,815","1,825","1,835","1,805",53.90K,0.83%
11/12/2020,"1,810","1,815","1,870","1,800",119.80K,-0.28%
11/13/2020,"1,810","1,810","1,810","1,805",45.00K,0.00%
11/16/2020,"1,775","1,810","1,810","1,775",255.30K,-1.93%
11/17/2020,"1,760","1,775","1,790","1,760",139.80K,-0.85%
11/18/2020,"1,755","1,760","1,805","1,750",198.20K,-0.28%
11/19/2020,"1,750","1,750","1,755","1,740",295.00K,-0.28%
11/20/2020,"1,750","1,750","1,750","1,745",105.20K,0.00%
11/23/2020,"1,755","1,750","1,765","1,740",168.80K,0.29%
11/24/2020,"1,755","1,755","1,770","1,745",155.10K,0.00%
11/25/2020,"1,755","1,755","1,800","1,750",58.90K,0.00%
11/26/2020,"1,800","1,760","1,810","1,755",340.80K,2.56%
11/27/2020,"1,810","1,810","1,845","1,810",252.20K,0.56%
11/30/2020,"1,780","1,810","1,830","1,755",438.50K,-1.66%
12/1/2020,"1,780","1,780","1,815","1,755",147.30K,0.00%
12/2/2020,"1,795","1,795","1,795","1,780",68.80K,0.84%
12/3/2020,"1,790","1,795","1,800","1,790",138.10K,-0.28%
12/4/2020,"1,785","1,790","1,790","1,760",46.20K,-0.28%
12/7/2020,"1,790","1,790","1,805","1,785",211.90K,0.28%
12/8/2020,"1,795","1,795","1,810","1,790",56.20K,0.28%
12/10/2020,"1,780","1,800","1,800","1,775",175.70K,-0.84%
12/11/2020,"1,780","1,775","1,780","1,770",37.10K,0.00%
12/14/2020,"1,790","1,780","1,810","1,775",68.60K,0.56%
12/15/2020,"1,800","1,795","1,805","1,775",133.10K,0.56%
12/16/2020,"1,805","1,800","1,810","1,795",264.80K,0.28%
12/17/2020,"1,795","1,805","1,805","1,785",64.10K,-0.55%
12/18/2020,"1,795","1,800","1,800","1,790",44.40K,0.00%
12/21/2020,"1,835","1,805","1,855","1,800",356.20K,2.23%
12/22/2020,"1,790","1,830","1,835","1,775",263.50K,-2.45%
12/23/2020,"1,795","1,790","1,800","1,775",71.10K,0.28%
12/28/2020,"1,805","1,795","1,810","1,790",358.20K,0.56%
12/29/2020,"1,820","1,820","1,835","1,795",102.70K,0.83%
12/30/2020,"1,785","1,820","1,820","1,785",51.00K,-1.92%
1/4/2021,"1,815","1,785","1,815","1,785",67.40K,1.68%
1/5/2021,"1,810","1,815","1,815","1,795",404.50K,-0.28%
1/6/2021,"1,810","1,810","1,810","1,795",104.90K,0.00%
1/7/2021,"1,815","1,810","1,820","1,805",92.40K,0.28%
1/8/2021,"1,825","1,825","1,850","1,820",180.60K,0.55%
1/11/2021,"1,840","1,825","1,845","1,825",99.20K,0.82%
1/12/2021,"1,845","1,845","1,850","1,830",135.30K,0.27%
1/13/2021,"1,870","1,845","1,875","1,835",378.10K,1.36%
1/14/2021,"1,935","1,875","2,160","1,875",241.80K,3.48%
1/15/2021,"1,900","1,945","1,945","1,900",109.60K,-1.81%
1/18/2021,"1,910","1,910","1,940","1,905",73.60K,0.53%
1/19/2021,"1,900","1,910","1,910","1,850",76.10K,-0.52%
1/20/2021,"1,905","1,900","1,905","1,890",29.80K,0.26%
1/21/2021,"1,900","1,905","1,905","1,880",137.80K,-0.26%
1/22/2021,"1,855","1,900","1,900","1,845",136.70K,-2.37%
1/25/2021,"1,850","1,855","1,860","1,830",59.60K,-0.27%
1/26/2021,"1,835","1,850","1,875","1,810",131.40K,-0.81%
1/27/2021,"1,800","1,835","1,835","1,800",56.30K,-1.91%
1/28/2021,"1,725","1,805","1,805","1,710",159.10K,-4.17%
1/29/2021,"1,720","1,720","1,720","1,710",116.40K,-0.29%
2/1/2021,"1,790","1,720","1,800","1,715",65.60K,4.07%
2/2/2021,"1,795","1,790","1,815","1,775",85.90K,0.28%
2/3/2021,"1,815","1,805","1,820","1,800",23.80K,1.11%
2/4/2021,"1,820","1,815","1,835","1,815",67.90K,0.28%
2/5/2021,"1,825","1,820","1,825","1,800",55.30K,0.27%
2/8/2021,"1,870","1,825","1,875","1,825",61.70K,2.47%
2/9/2021,"1,860","1,870","1,880","1,850",101.90K,-0.53%
2/10/2021,"1,855","1,860","1,885","1,840",204.30K,-0.27%
2/11/2021,"1,850","1,855","1,855","1,820",45.00K,-0.27%
2/15/2021,"1,850","1,850","1,885","1,850",74.80K,0.00%
2/16/2021,"1,855","1,850","1,875","1,850",53.20K,0.27%
2/17/2021,"1,850","1,855","1,855","1,820",41.00K,-0.27%
2/18/2021,"1,855","1,850","1,865","1,840",37.60K,0.27%
2/19/2021,"1,845","1,850","1,855","1,835",24.50K,-0.54%
2/22/2021,"1,850","1,845","1,865","1,840",19.40K,0.27%
2/23/2021,"1,845","1,850","1,850","1,845",40.00K,-0.27%
2/24/2021,"1,840","1,845","1,850","1,825",35.80K,-0.27%
2/25/2021,"1,850","1,840","1,850","1,835",23.70K,0.54%
2/26/2021,"1,830","1,835","1,840","1,805",37.50K,-1.08%
3/1/2021,"1,840","1,840","1,850","1,830",91.60K,0.55%
3/2/2021,"1,840","1,850","1,850","1,840",44.30K,0.00%
3/3/2021,"1,850","1,840","1,850","1,825",47.80K,0.54%
3/4/2021,"1,840","1,860","1,860","1,840",16.70K,-0.54%
3/5/2021,"1,830","1,855","1,855","1,800",26.30K,-0.54%
3/8/2021,"1,840","1,835","1,850","1,825",15.00K,0.55%
3/9/2021,"1,830","1,850","1,850","1,800",107.40K,-0.54%
3/10/2021,"1,860","1,805","1,900","1,805",35.10K,1.64%
3/12/2021,"1,850","1,860","1,895","1,845",88.90K,-0.54%
3/15/2021,"1,840","1,860","1,870","1,830",9.50K,-0.54%
3/16/2021,"1,855","1,840","1,895","1,840",13.50K,0.82%
3/17/2021,"1,850","1,855","1,895","1,850",27.80K,-0.27%
3/18/2021,"1,860","1,865","1,895","1,850",9.00K,0.54%
3/19/2021,"1,865","1,860","1,895","1,855",17.80K,0.27%
3/22/2021,"1,865","1,865","1,890","1,865",13.00K,0.00%
3/23/2021,"1,860","1,890","1,890","1,860",38.10K,-0.27%
3/24/2021,"1,855","1,885","1,885","1,835",16.70K,-0.27%
3/25/2021,"1,865","1,855","1,870","1,845",40.40K,0.54%
3/26/2021,"1,880","1,855","1,880","1,855",18.60K,0.80%
3/29/2021,"1,870","1,860","1,880","1,840",15.40K,-0.53%
3/30/2021,"1,855","1,870","1,870","1,850",26.90K,-0.80%
3/31/2021,"1,850","1,855","1,860","1,830",28.70K,-0.27%
4/1/2021,"1,875","1,850","1,880","1,820",294.80K,1.35%
4/5/2021,"1,840","1,875","1,885","1,820",113.20K,-1.87%
4/6/2021,"1,830","1,840","1,870","1,820",102.40K,-0.54%
4/7/2021,"1,850","1,835","1,850","1,830",42.70K,1.09%
4/8/2021,"1,850","1,850","1,850","1,820",141.30K,0.00%
4/9/2021,"1,850","1,850","1,850","1,845",99.40K,0.00%
4/12/2021,"1,830","1,855","1,855","1,830",20.40K,-1.08%
4/13/2021,"1,855","1,830","1,885","1,830",11.50K,1.37%
4/14/2021,"1,850","1,855","1,865","1,850",81.80K,-0.27%
4/15/2021,"1,840","1,850","1,850","1,840",11.70K,-0.54%
4/16/2021,"1,845","1,860","1,860","1,845",33.90K,0.27%
4/19/2021,"1,850","1,845","1,870","1,845",64.00K,0.27%
4/20/2021,"1,860","1,875","1,875","1,855",10.50K,0.54%
4/21/2021,"1,890","1,875","1,890","1,860",107.30K,1.61%
4/22/2021,"1,870","1,900","1,900","1,860",29.30K,-1.06%
4/23/2021,"1,880","1,870","1,895","1,840",54.50K,0.53%
4/26/2021,"1,880","1,880","1,885","1,855",82.20K,0.00%
4/27/2021,"1,880","1,880","1,880","1,855",27.40K,0.00%
4/28/2021,"1,850","1,880","1,885","1,825",208.30K,-1.60%
4/29/2021,"1,850","1,850","1,865","1,840",40.40K,0.00%
4/30/2021,"1,860","1,850","1,865","1,835",71.00K,0.54%
5/3/2021,"1,855","1,860","1,870","1,825",221.10K,-0.27%
5/4/2021,"1,860","1,855","1,860","1,850",52.40K,0.27%
5/5/2021,"1,855","1,860","1,870","1,855",16.90K,-0.27%
5/6/2021,"1,860","1,865","1,870","1,855",35.30K,0.27%
5/7/2021,"1,870","1,865","1,875","1,860",17.20K,0.54%
5/10/2021,"1,885","1,870","1,910","1,865",79.90K,0.80%
5/11/2021,"1,885","1,890","1,895","1,870",171.90K,0.00%
5/17/2021,"1,850","1,885","1,900","1,845",297.20K,-1.86%
5/18/2021,"1,890","1,850","1,890","1,845",122.30K,2.16%
5/19/2021,"2,000","1,890","2,100","1,885",551.50K,5.82%
5/20/2021,"1,950","2,000","2,010","1,940",78.90K,-2.50%
5/21/2021,"1,965","1,950","1,995","1,910",93.60K,0.77%
5/24/2021,"1,995","1,965","2,040","1,955",53.30K,1.53%
5/25/2021,"1,980","1,995","1,995","1,965",70.40K,-0.75%
5/27/2021,"1,995","1,980","2,020","1,960",165.80K,0.76%
5/28/2021,"2,000","1,990","2,020","1,975",68.70K,0.25%
5/31/2021,"1,985","1,995","2,000","1,980",103.40K,-0.75%
6/2/2021,"1,990","1,990","2,040","1,980",178.60K,0.25%
6/3/2021,"1,990","2,000","2,010","1,980",842.60K,0.00%
6/4/2021,"1,985","1,985","1,995","1,975",300.80K,-0.25%
6/7/2021,"1,960","1,995","2,000","1,960",295.00K,-1.26%
6/8/2021,"1,860","1,950","1,955","1,830",193.70K,-5.10%
6/9/2021,"1,860","1,865","1,875","1,855",204.80K,0.00%
6/10/2021,"1,875","1,880","1,880","1,865",94.20K,0.81%
6/11/2021,"1,860","1,875","1,875","1,860",40.80K,-0.80%
6/14/2021,"1,855","1,860","1,865","1,855",37.20K,-0.27%
6/15/2021,"1,855","1,860","1,860","1,850",32.00K,0.00%
6/16/2021,"1,875","1,855","1,885","1,820",306.70K,1.08%
6/17/2021,"1,850","1,875","1,880","1,815",443.70K,-1.33%
6/18/2021,"1,795","1,850","1,850","1,750",248.60K,-2.97%
6/21/2021,"1,790","1,785","1,790","1,745",135.40K,-0.28%
6/22/2021,"1,820","1,795","1,850","1,790",53.50K,1.68%
6/23/2021,"1,810","1,820","1,820","1,790",111.90K,-0.55%
6/24/2021,"1,810","1,810","1,820","1,780",24.40K,0.00%
6/25/2021,"1,810","1,810","1,820","1,800",20.20K,0.00%
6/28/2021,"1,790","1,810","1,810","1,790",22.30K,-1.10%
6/29/2021,"1,790","1,785","1,800","1,780",15.00K,0.00%
6/30/2021,"1,780","1,790","1,790","1,780",28.80K,-0.56%
7/1/2021,"1,780","1,775","1,795","1,770",51.60K,0.00%
7/2/2021,"1,780","1,780","1,800","1,780",130.10K,0.00%
7/5/2021,"1,790","1,785","1,820","1,785",47.90K,0.56%
7/6/2021,"1,780","1,795","1,810","1,775",67.40K,-0.56%
7/7/2021,"1,795","1,775","1,795","1,775",49.40K,0.84%
7/8/2021,"1,790","1,800","1,800","1,790",13.00K,-0.28%
7/9/2021,"1,790","1,790","1,790","1,775",14.10K,0.00%
7/12/2021,"1,795","1,785","1,800","1,780",12.10K,0.28%
7/13/2021,"1,780","1,795","1,795","1,780",17.30K,-0.84%
7/14/2021,"1,775","1,785","1,785","1,770",20.20K,-0.28%
7/15/2021,"1,775","1,780","1,785","1,775",24.50K,0.00%
7/16/2021,"1,780","1,785","1,785","1,775",21.20K,0.28%
7/19/2021,"1,780","1,780","1,790","1,770",65.70K,0.00%
7/21/2021,"1,790","1,780","1,790","1,770",28.20K,0.56%
7/22/2021,"1,795","1,790","1,815","1,780",31.80K,0.28%
7/23/2021,"1,790","1,795","1,805","1,790",36.10K,-0.28%
7/26/2021,"1,805","1,800","1,820","1,800",7.80K,0.84%
7/27/2021,"1,800","1,810","1,815","1,800",23.00K,-0.28%
7/28/2021,"1,790","1,800","1,805","1,780",30.90K,-0.56%
7/29/2021,"1,785","1,790","1,790","1,770",22.90K,-0.28%
7/30/2021,"1,780","1,785","1,800","1,780",23.90K,-0.28%
8/2/2021,"1,795","1,790","1,795","1,760",36.50K,0.84%
8/3/2021,"1,790","1,800","1,800","1,780",30.10K,-0.28%
8/4/2021,"1,795","1,800","1,800","1,785",18.20K,0.28%
8/5/2021,"1,795","1,795","1,795","1,785",22.30K,0.00%
8/6/2021,"1,790","1,795","1,800","1,785",20.80K,-0.28%
8/9/2021,"1,795","1,790","1,800","1,790",23.20K,0.28%
8/10/2021,"1,790","1,795","1,800","1,790",77.40K,-0.28%
8/12/2021,"1,800","1,795","1,800","1,790",27.30K,0.56%
8/13/2021,"1,805","1,800","1,810","1,800",25.80K,0.28%
8/16/2021,"1,805","1,805","1,805","1,795",51.20K,0.00%
8/18/2021,"1,800","1,800","1,810","1,800",42.00K,-0.28%
8/19/2021,"1,785","1,800","1,800","1,785",43.50K,-0.83%
8/20/2021,"1,800","1,785","1,800","1,780",57.60K,0.84%
8/23/2021,"1,800","1,830","1,830","1,800",44.90K,0.00%
8/24/2021,"1,800","1,800","1,805","1,795",22.80K,0.00%
8/25/2021,"1,800","1,800","1,800","1,795",11.90K,0.00%
8/26/2021,"1,795","1,805","1,805","1,795",24.80K,-0.28%
8/27/2021,"1,790","1,795","1,805","1,785",33.90K,-0.28%
8/30/2021,"1,780","1,785","1,800","1,780",46.20K,-0.56%
8/31/2021,"1,800","1,780","1,800","1,780",38.70K,1.12%
9/1/2021,"1,800","1,790","1,800","1,790",17.20K,0.00%
9/2/2021,"1,795","1,800","1,800","1,790",12.80K,-0.28%
9/3/2021,"1,790","1,790","1,800","1,780",13.10K,-0.28%
9/6/2021,"1,790","1,790","1,800","1,775",33.70K,0.00%
9/7/2021,"1,795","1,790","1,795","1,790",13.60K,0.28%
9/8/2021,"1,795","1,795","1,800","1,785",19.00K,0.00%
9/9/2021,"1,795","1,795","1,795","1,780",23.90K,0.00%
9/10/2021,"1,785","1,790","1,795","1,785",31.90K,-0.56%
9/13/2021,"1,795","1,790","1,795","1,780",16.40K,0.56%
9/14/2021,"1,790","1,795","1,800","1,790",20.00K,-0.28%
9/15/2021,"1,795","1,790","1,800","1,785",33.20K,0.28%
9/16/2021,"1,795","1,785","1,815","1,785",12.50K,0.00%
9/17/2021,"1,790","1,795","1,800","1,790",23.10K,-0.28%
9/20/2021,"1,775","1,790","1,790","1,775",75.20K,-0.84%
9/21/2021,"1,770","1,775","1,775","1,765",54.90K,-0.28%
9/22/2021,"1,765","1,770","1,775","1,765",29.30K,-0.28%
9/23/2021,"1,775","1,775","1,790","1,760",63.10K,0.57%
9/24/2021,"1,775","1,780","1,790","1,775",26.50K,0.00%
9/27/2021,"1,780","1,790","1,795","1,780",37.70K,0.28%
9/28/2021,"1,785","1,780","1,795","1,765",31.60K,0.28%
9/29/2021,"1,795","1,790","1,800","1,785",55.00K,0.56%
9/30/2021,"1,795","1,795","1,810","1,790",18.70K,0.00%
10/1/2021,"1,795","1,795","1,795","1,775",44.40K,0.00%
10/4/2021,"1,795","1,800","1,805","1,795",27.50K,0.00%
10/5/2021,"1,800","1,790","1,830","1,780",38.10K,0.28%
10/6/2021,"1,810","1,815","1,825","1,790",89.70K,0.56%
10/7/2021,"1,800","1,810","1,815","1,800",23.20K,-0.55%
10/8/2021,"1,805","1,800","1,810","1,795",105.60K,0.28%
10/11/2021,"1,810","1,810","1,810","1,800",61.30K,0.28%
10/12/2021,"1,790","1,805","1,820","1,780",231.00K,-1.10%
10/13/2021,"1,820","1,790","1,875","1,790",118.30K,1.68%
10/14/2021,"1,840","1,820","1,850","1,810",49.60K,1.10%
10/15/2021,"1,865","1,840","1,870","1,835",183.30K,1.36%
10/18/2021,"1,855","1,865","1,865","1,845",53.00K,-0.54%
10/19/2021,"1,830","1,850","1,850","1,820",90.50K,-1.35%
10/21/2021,"1,820","1,830","1,840","1,815",50.20K,-0.55%
10/22/2021,"1,850","1,825","1,875","1,820",162.90K,1.65%
10/25/2021,"1,940","1,850","1,950","1,850",283.40K,4.86%
10/26/2021,"1,910","1,940","1,965","1,910",274.70K,-1.55%
10/27/2021,"1,905","1,920","1,920","1,885",65.90K,-0.26%
10/28/2021,"1,875","1,905","1,905","1,875",64.10K,-1.57%
10/29/2021,"1,900","1,875","1,920","1,875",108.70K,1.33%
11/1/2021,"1,895","1,900","1,905","1,895",29.20K,-0.26%
11/2/2021,"1,900","1,900","1,910","1,895",15.80K,0.26%
11/3/2021,"1,905","1,905","1,915","1,880",48.30K,0.26%
11/4/2021,"1,910","1,910","1,915","1,910",24.70K,0.26%
11/5/2021,"1,910","1,900","1,910","1,820",73.00K,0.00%
11/8/2021,"1,890","1,910","1,910","1,890",30.70K,-1.05%
11/9/2021,"1,900","1,890","1,920","1,855",37.10K,0.53%
11/10/2021,"1,910","1,905","1,910","1,880",22.70K,0.53%
11/11/2021,"1,900","1,910","1,910","1,890",121.60K,-0.52%
11/12/2021,"1,905","1,880","1,905","1,860",17.90K,0.26%
11/15/2021,"1,925","1,905","1,930","1,905",162.00K,1.05%
11/16/2021,"1,930","1,925","1,940","1,910",144.40K,0.26%
11/17/2021,"1,935","1,930","1,950","1,930",79.60K,0.26%
11/18/2021,"1,935","1,935","1,935","1,910",26.90K,0.00%
11/19/2021,"1,925","1,930","1,980","1,920",54.80K,-0.52%
11/22/2021,"1,910","1,925","1,925","1,905",16.70K,-0.78%
11/23/2021,"1,930","1,910","1,940","1,910",12.50K,1.05%
11/24/2021,"1,930","1,930","1,940","1,920",9.60K,0.00%
11/25/2021,"1,940","1,930","1,940","1,910",42.40K,0.52%
11/26/2021,"1,910","1,935","1,935","1,910",66.10K,-1.55%
11/29/2021,"1,915","1,910","1,915","1,865",95.20K,0.26%
11/30/2021,"1,890","1,910","1,910","1,890",6.50K,-1.31%
12/1/2021,"1,915","1,890","1,915","1,885",36.40K,1.32%
12/2/2021,"1,915","1,915","1,915","1,890",37.30K,0.00%
12/3/2021,"1,930","1,915","1,930","1,900",33.10K,0.78%
12/6/2021,"1,910","1,930","1,930","1,890",27.40K,-1.04%
12/7/2021,"1,935","1,910","1,940","1,910",44.20K,1.31%
12/8/2021,"1,925","1,935","1,935","1,900",9.40K,-0.52%
12/9/2021,"1,920","1,925","1,930","1,915",6.70K,-0.26%
12/10/2021,"1,930","1,925","1,950","1,920",67.00K,0.52%
12/13/2021,"1,915","1,925","1,935","1,910",45.90K,-0.78%
12/14/2021,"1,910","1,915","1,930","1,910",31.20K,-0.26%
12/15/2021,"1,915","1,915","1,915","1,890",24.80K,0.26%
12/16/2021,"1,890","1,910","1,920","1,885",21.90K,-1.31%
12/17/2021,"1,900","1,900","1,910","1,900",22.70K,0.53%
12/20/2021,"1,900","1,900","1,915","1,895",16.20K,0.00%
12/21/2021,"1,895","1,900","1,910","1,895",20.20K,-0.26%
12/22/2021,"1,900","1,905","1,910","1,895",23.10K,0.26%
12/23/2021,"1,895","1,890","1,895","1,880",89.90K,-0.26%
12/24/2021,"1,885","1,895","1,900","1,885",44.20K,-0.53%
12/27/2021,"1,885","1,890","1,900","1,885",69.20K,0.00%
12/28/2021,"1,895","1,885","1,900","1,885",23.00K,0.53%
12/29/2021,"1,890","1,890","1,900","1,890",26.30K,-0.26%
12/30/2021,"1,880","1,890","1,900","1,870",25.70K,-0.53%
1/3/2022,"1,895","1,890","1,900","1,880",14.90K,0.80%
1/4/2022,"1,900","1,900","1,915","1,900",29.10K,0.26%
1/5/2022,"1,900","1,910","1,915","1,895",21.60K,0.00%
1/6/2022,"1,900","1,900","1,905","1,890",49.30K,0.00%
1/7/2022,"1,890","1,900","1,915","1,890",19.10K,-0.53%
1/10/2022,"1,895","1,895","1,905","1,880",27.00K,0.26%
1/11/2022,"1,890","1,915","1,915","1,890",26.00K,-0.26%
1/12/2022,"1,885","1,890","1,910","1,885",21.20K,-0.26%
1/13/2022,"1,905","1,885","1,910","1,885",25.60K,1.06%
1/14/2022,"1,905","1,905","1,905","1,885",17.80K,0.00%
1/17/2022,"1,890","1,905","1,910","1,885",18.80K,-0.79%
1/18/2022,"1,885","1,890","1,900","1,875",20.20K,-0.26%
1/19/2022,"1,875","1,885","1,895","1,870",47.30K,-0.53%
1/20/2022,"1,890","1,875","1,905","1,875",22.40K,0.80%
1/21/2022,"1,890","1,885","1,895","1,870",13.60K,0.00%
1/24/2022,"1,885","1,890","1,895","1,885",31.30K,-0.26%
1/25/2022,"1,870","1,890","1,900","1,870",30.10K,-0.80%
1/26/2022,"1,880","1,870","1,890","1,870",15.50K,0.53%
1/27/2022,"1,880","1,895","1,895","1,870",33.70K,0.00%
1/28/2022,"1,875","1,880","1,890","1,855",33.20K,-0.27%
1/31/2022,"1,880","1,880","1,895","1,870",31.90K,0.27%
2/2/2022,"1,895","1,875","1,900","1,870",14.50K,0.80%
2/3/2022,"1,880","1,895","1,900","1,875",21.90K,-0.79%
2/4/2022,"1,890","1,880","1,890","1,870",10.70K,0.53%
2/7/2022,"1,945","1,890","1,950","1,880",134.20K,2.91%
2/8/2022,"1,910","1,940","1,965","1,880",69.60K,-1.80%
2/9/2022,"1,925","1,910","1,950","1,910",36.70K,0.79%
2/10/2022,"1,920","1,930","1,935","1,915",4.80K,-0.26%
2/11/2022,"1,930","1,920","1,950","1,915",39.30K,0.52%
2/14/2022,"1,930","1,930","1,950","1,910",20.40K,0.00%
2/15/2022,"1,950","1,930","1,960","1,885",148.10K,1.04%
2/16/2022,"1,955","1,950","1,975","1,925",57.40K,0.26%
2/17/2022,"1,935","1,955","1,955","1,925",6.10K,-1.02%
2/18/2022,"1,920","1,935","1,935","1,920",22.60K,-0.78%
2/21/2022,"1,935","1,910","1,950","1,885",43.90K,0.78%
2/22/2022,"1,920","1,930","1,935","1,920",27.40K,-0.78%
2/23/2022,"1,905","1,920","1,920","1,905",67.20K,-0.78%
2/24/2022,"1,905","1,905","1,965","1,900",103.50K,0.00%
2/25/2022,"1,895","1,905","1,915","1,890",124.90K,-0.52%
3/1/2022,"1,895","1,895","1,915","1,860",166.80K,0.00%
3/2/2022,"1,900","1,905","1,920","1,885",37.10K,0.26%
3/4/2022,"1,885","1,915","1,920","1,880",80.30K,-0.79%
3/7/2022,"1,875","1,890","1,890","1,850",188.40K,-0.53%
3/8/2022,"1,860","1,875","1,905","1,765",79.10K,-0.80%
3/9/2022,"1,860","1,860","1,895","1,850",93.40K,0.00%
3/10/2022,"1,880","1,860","1,890","1,860",19.10K,1.08%
3/11/2022,"1,855","1,880","1,880","1,855",55.60K,-1.33%
3/14/2022,"1,850","1,855","1,890","1,850",58.20K,-0.27%
3/15/2022,"1,845","1,850","1,865","1,845",79.80K,-0.27%
3/16/2022,"1,840","1,845","1,885","1,840",100.80K,-0.27%
3/17/2022,"1,855","1,840","1,880","1,840",78.30K,0.82%
3/18/2022,"1,860","1,855","1,870","1,850",10.90K,0.27%
3/21/2022,"1,850","1,860","1,865","1,835",111.70K,-0.54%
3/22/2022,"1,855","1,860","1,865","1,830",93.70K,0.27%
3/23/2022,"1,865","1,865","1,865","1,840",66.70K,0.54%
3/24/2022,"1,830","1,865","1,865","1,830",244.00K,-1.88%
3/25/2022,"1,840","1,860","1,865","1,840",87.50K,0.55%
3/28/2022,"1,865","1,850","1,865","1,830",103.50K,1.36%
3/29/2022,"1,860","1,865","1,875","1,845",61.40K,-0.27%
3/30/2022,"1,860","1,860","1,870","1,845",29.70K,0.00%
3/31/2022,"1,860","1,870","1,870","1,860",45.80K,0.00%
4/1/2022,"1,885","1,865","1,945","1,855",83.00K,1.34%
4/4/2022,"1,875","1,885","1,885","1,860",108.40K,-0.53%
4/5/2022,"1,870","1,875","1,890","1,855",63.70K,-0.27%
4/6/2022,"1,880","1,875","1,890","1,875",21.40K,0.53%
4/7/2022,"1,875","1,880","1,890","1,875",19.10K,-0.27%
4/8/2022,"1,870","1,875","1,885","1,860",23.30K,-0.27%
4/11/2022,"1,860","1,870","1,870","1,860",20.80K,-0.53%
4/12/2022,"1,875","1,860","1,875","1,850",28.70K,0.81%
4/13/2022,"1,875","1,870","1,890","1,855",15.30K,0.00%
4/14/2022,"1,860","1,880","1,880","1,860",41.20K,-0.80%
4/18/2022,"1,855","1,860","1,870","1,850",78.60K,-0.27%
4/19/2022,"1,850","1,850","1,860","1,850",27.00K,-0.27%
4/20/2022,"1,835","1,860","1,860","1,810",191.60K,-0.81%
4/21/2022,"1,820","1,835","1,840","1,820",157.40K,-0.82%
4/22/2022,"1,835","1,820","1,860","1,820",96.60K,0.82%
4/25/2022,"1,820","1,835","1,845","1,820",56.90K,-0.82%
4/26/2022,"2,050","1,855","2,130","1,855",1.10M,12.64%
4/27/2022,"2,040","2,050","2,060","1,960",232.40K,-0.49%
4/28/2022,"2,060","2,040","2,070","2,000",141.30K,0.98%
5/9/2022,"1,995","2,070","2,070","1,955",299.50K,-3.16%
5/10/2022,"2,030","1,995","2,030","1,995",322.10K,1.75%
5/11/2022,"2,270","2,040","2,300","2,040",531.50K,11.82%
5/12/2022,"2,510","2,280","2,700","2,270",972.10K,10.57%
5/13/2022,"2,480","2,510","2,600","2,360",262.50K,-1.20%
5/17/2022,"2,380","2,420","2,480","2,320",137.30K,-4.03%
5/18/2022,"2,430","2,370","2,570","2,300",220.20K,2.10%
5/19/2022,"2,390","2,430","2,450","2,320",59.90K,-1.65%
5/20/2022,"2,410","2,410","2,540","2,370",139.60K,0.84%
5/23/2022,"2,400","2,410","2,460","2,350",100.90K,-0.41%
5/24/2022,"2,370","2,380","2,420","2,320",114.60K,-1.25%
5/25/2022,"2,400","2,380","2,410","2,320",93.60K,1.27%
5/27/2022,"2,500","2,400","2,530","2,400",95.20K,4.17%
5/30/2022,"2,650","2,500","2,660","2,500",174.60K,6.00%
5/31/2022,"2,640","2,650","2,750","2,570",178.90K,-0.38%
6/2/2022,"2,620","2,640","2,700","2,560",96.20K,-0.76%
6/3/2022,"2,570","2,620","2,650","2,530",79.80K,-1.91%
6/6/2022,"2,480","2,570","2,590","2,400",370.40K,-3.50%
6/7/2022,"2,480","2,480","2,480","2,400",119.70K,0.00%
6/8/2022,"2,480","2,420","2,500","2,420",38.10K,0.00%
6/9/2022,"2,350","2,480","2,530","2,350",153.30K,-5.24%
6/10/2022,"2,320","2,340","2,400","2,320",135.80K,-1.28%
6/13/2022,"2,240","2,320","2,320","2,160",261.50K,-3.45%
6/14/2022,"2,390","2,170","2,390","2,150",256.30K,6.70%
6/15/2022,"2,310","2,390","2,390","2,270",114.20K,-3.35%
6/16/2022,"2,320","2,300","2,380","2,280",186.10K,0.43%
6/17/2022,"2,280","2,250","2,300","2,200",129.90K,-1.72%
6/20/2022,"2,260","2,280","2,310","2,150",31.20K,-0.88%
6/21/2022,"2,300","2,320","2,320","2,260",11.80K,1.77%
6/22/2022,"2,300","2,300","2,300","2,240",59.80K,0.00%
6/23/2022,"2,270","2,310","2,320","2,270",61.00K,-1.30%
6/24/2022,"2,360","2,240","2,400","2,210",92.70K,3.96%
6/27/2022,"2,310","2,340","2,350","2,300",47.30K,-2.12%
6/28/2022,"2,350","2,310","2,370","2,310",22.80K,1.73%
6/29/2022,"2,400","2,350","2,400","2,300",141.10K,2.13%
6/30/2022,"2,420","2,410","2,520","2,350",209.40K,0.83%
7/1/2022,"2,390","2,430","2,460","2,260",266.80K,-1.24%
7/4/2022,"2,330","2,340","2,340","2,230",197.20K,-2.51%
7/5/2022,"2,260","2,330","2,330","2,190",157.90K,-3.00%
7/6/2022,"2,230","2,260","2,260","2,210",31.60K,-1.33%
7/7/2022,"2,260","2,190","2,270","2,190",18.50K,1.35%
7/8/2022,"2,280","2,260","2,300","2,230",42.50K,0.88%
7/11/2022,"2,290","2,290","2,320","2,280",19.90K,0.44%
7/12/2022,"2,270","2,290","2,300","2,260",4.40K,-0.87%
7/13/2022,"2,290","2,270","2,380","2,270",22.00K,0.88%
7/14/2022,"2,300","2,310","2,310","2,280",12.60K,0.44%
7/15/2022,"2,280","2,300","2,340","2,280",11.30K,-0.87%
7/18/2022,"2,290","2,280","2,320","2,240",55.60K,0.44%
7/19/2022,"2,330","2,300","2,340","2,300",35.70K,1.75%
7/20/2022,"2,340","2,330","2,370","2,330",27.30K,0.43%
7/21/2022,"2,320","2,330","2,340","2,280",27.30K,-0.85%
7/22/2022,"2,370","2,280","2,370","2,250",29.10K,2.16%
7/25/2022,"2,390","2,370","2,400","2,350",36.80K,0.84%
7/26/2022,"2,490","2,400","2,490","2,370",100.10K,4.18%
7/27/2022,"2,550","2,490","2,600","2,460",81.30K,2.41%
7/28/2022,"2,550","2,550","2,550","2,510",35.10K,0.00%
7/29/2022,"2,460","2,550","2,570","2,420",104.20K,-3.53%
8/1/2022,"2,520","2,460","2,550","2,460",177.40K,2.44%
8/2/2022,"2,460","2,530","2,530","2,460",30.40K,-2.38%
8/3/2022,"2,520","2,480","2,540","2,460",128.70K,2.44%
8/4/2022,"2,550","2,520","2,560","2,520",121.00K,1.19%
8/5/2022,"2,570","2,550","2,570","2,490",359.90K,0.78%
8/8/2022,"2,490","2,480","2,570","2,430",134.30K,-3.11%
8/9/2022,"2,420","2,480","2,520","2,420",86.80K,-2.81%
8/10/2022,"2,450","2,420","2,460","2,400",26.20K,1.24%
8/11/2022,"2,420","2,420","2,470","2,400",16.10K,-1.22%
8/12/2022,"2,440","2,450","2,450","2,390",91.60K,0.83%
8/15/2022,"2,430","2,440","2,460","2,390",224.00K,-0.41%
8/16/2022,"2,430","2,420","2,460","2,400",28.10K,0.00%
8/18/2022,"2,410","2,430","2,430","2,390",22.90K,-0.82%
8/19/2022,"2,400","2,410","2,410","2,380",35.40K,-0.41%
8/22/2022,"2,390","2,400","2,400","2,340",85.30K,-0.42%
8/23/2022,"2,380","2,390","2,390","2,320",141.30K,-0.42%
8/24/2022,"2,380","2,350","2,390","2,350",6.80K,0.00%
8/25/2022,"2,360","2,370","2,370","2,290",65.20K,-0.84%
8/26/2022,"2,280","2,360","2,360","2,260",177.30K,-3.39%
8/29/2022,"2,280","2,280","2,300","2,260",27.10K,0.00%
8/30/2022,"2,350","2,300","2,360","2,280",61.90K,3.07%
8/31/2022,"2,370","2,350","2,370","2,310",29.80K,0.85%
9/1/2022,"2,360","2,380","2,380","2,340",19.30K,-0.42%
9/2/2022,"2,350","2,360","2,360","2,330",25.60K,-0.42%
9/5/2022,"2,360","2,350","2,400","2,330",25.30K,0.43%
9/6/2022,"2,350","2,360","2,400","2,350",41.00K,-0.42%
9/7/2022,"2,360","2,350","2,390","2,300",25.20K,0.43%
9/8/2022,"2,360","2,380","2,400","2,350",94.10K,0.00%
9/9/2022,"2,350","2,360","2,360","2,340",7.40K,-0.42%
9/12/2022,"2,350","2,350","2,350","2,320",31.60K,0.00%
9/13/2022,"2,350","2,350","2,370","2,350",46.50K,0.00%
9/14/2022,"2,350","2,360","2,360","2,330",133.50K,0.00%
9/15/2022,"2,350","2,360","2,360","2,330",16.40K,0.00%
9/16/2022,"2,340","2,340","2,360","2,310",24.50K,-0.43%
9/19/2022,"2,290","2,350","2,360","2,260",211.50K,-2.14%
9/20/2022,"2,290","2,270","2,300","2,260",30.50K,0.00%
9/21/2022,"2,300","2,300","2,300","2,250",24.00K,0.44%
9/22/2022,"2,320","2,300","2,320","2,290",11.30K,0.87%
9/23/2022,"2,280","2,310","2,320","2,280",18.20K,-1.72%
9/26/2022,"2,260","2,280","2,280","2,260",13.50K,-0.88%
9/27/2022,"2,270","2,260","2,330","2,260",7.10K,0.44%
9/28/2022,"2,250","2,260","2,320","2,250",20.70K,-0.88%
9/29/2022,"2,230","2,250","2,290","2,230",37.50K,-0.89%
9/30/2022,"2,190","2,230","2,240","2,180",43.40K,-1.79%
10/3/2022,"2,220","2,250","2,250","2,220",3.50K,1.37%
10/4/2022,"2,230","2,220","2,280","2,220",10.10K,0.45%
10/5/2022,"2,240","2,260","2,290","2,230",9.10K,0.45%
10/6/2022,"2,260","2,250","2,280","2,250",9.50K,0.89%
10/7/2022,"2,260","2,270","2,270","2,240",5.80K,0.00%
10/10/2022,"2,230","2,250","2,280","2,230",14.20K,-1.33%
10/11/2022,"2,230","2,230","2,240","2,200",39.10K,0.00%
10/12/2022,"2,200","2,220","2,220","2,200",5.80K,-1.35%
10/13/2022,"2,210","2,240","2,270","2,180",33.80K,0.45%
10/14/2022,"2,200","2,210","2,210","2,170",20.90K,-0.45%
10/17/2022,"2,190","2,210","2,210","2,170",18.10K,-0.45%
10/18/2022,"2,120","2,190","2,200","2,120",44.70K,-3.20%
10/19/2022,"2,130","2,120","2,130","2,110",74.60K,0.47%
10/20/2022,"2,090","2,120","2,270","1,985",481.30K,-1.88%
10/21/2022,"2,080","2,090","2,090","2,010",71.50K,-0.48%
10/24/2022,"2,030","2,080","2,080","1,970",245.60K,-2.40%
10/25/2022,"1,995","2,040","2,040","1,995",66.20K,-1.72%
10/26/2022,"1,975","1,990","2,000","1,975",150.70K,-1.00%
10/27/2022,"1,965","1,975","1,980","1,950",232.10K,-0.51%
10/28/2022,"1,965","1,965","1,985","1,960",49.30K,0.00%
10/31/2022,"1,985","1,965","1,985","1,900",78.10K,1.02%
11/1/2022,"1,980","1,985","1,990","1,975",75.80K,-0.25%
11/2/2022,"1,955","1,985","1,985","1,955",101.00K,-1.26%
11/3/2022,"1,925","1,960","1,960","1,925",68.60K,-1.53%
11/4/2022,"1,975","1,925","1,980","1,925",28.40K,2.60%
11/7/2022,"1,970","1,985","1,985","1,970",16.10K,-0.25%
11/8/2022,"1,990","1,970","1,990","1,965",24.50K,1.02%
11/9/2022,"1,980","2,010","2,010","1,975",23.00K,-0.50%
11/10/2022,"1,970","1,980","1,980","1,955",22.40K,-0.51%
11/11/2022,"1,990","1,975","1,990","1,955",21.20K,1.02%
11/14/2022,"1,980","1,990","2,000","1,960",18.20K,-0.50%
11/15/2022,"1,980","2,000","2,000","1,970",63.30K,0.00%
11/16/2022,"1,985","1,970","1,985","1,965",33.70K,0.25%
11/17/2022,"1,975","1,985","1,985","1,970",22.30K,-0.50%
11/18/2022,"1,970","1,975","1,980","1,970",16.20K,-0.25%
11/21/2022,"1,975","1,970","1,975","1,960",35.40K,0.25%
11/22/2022,"1,970","1,975","1,975","1,950",17.00K,-0.25%
11/23/2022,"1,970","1,970","1,975","1,955",14.60K,0.00%
11/24/2022,"1,975","1,965","1,975","1,960",20.90K,0.25%
11/25/2022,"1,975","1,975","1,980","1,960",6.80K,0.00%
11/28/2022,"1,980","1,980","1,980","1,945",24.20K,0.25%
11/29/2022,"1,975","1,980","1,980","1,955",7.20K,-0.25%
11/30/2022,"1,970","1,975","1,975","1,970",6.70K,-0.25%
12/1/2022,"1,975","1,970","1,980","1,950",76.00K,0.25%
12/2/2022,"1,975","1,975","1,975","1,960",7.00K,0.00%
12/5/2022,"1,970","1,980","1,980","1,960",7.20K,-0.25%
12/6/2022,"1,955","1,970","1,980","1,950",3.20K,-0.76%
12/7/2022,"1,955","1,970","1,975","1,955",8.40K,0.00%
12/8/2022,"1,995","1,950","1,995","1,935",9.90K,2.05%
12/9/2022,"1,915","1,990","1,990","1,885",61.70K,-4.01%
12/12/2022,"1,950","1,925","1,970","1,920",5.30K,1.83%
12/13/2022,"1,960","1,965","1,965","1,950",4.40K,0.51%
12/14/2022,"1,955","1,960","1,960","1,950",5.10K,-0.26%
12/15/2022,"1,955","1,955","1,955","1,955",5.10K,0.00%
12/16/2022,"1,945","1,960","1,960","1,935",18.90K,-0.51%
12/19/2022,"1,960","1,950","1,960","1,930",23.70K,0.77%
12/20/2022,"1,960","1,960","1,965","1,960",52.60K,0.00%
12/21/2022,"1,970","1,960","1,970","1,855",53.10K,0.51%
12/22/2022,"1,975","1,925","1,985","1,925",38.70K,0.25%
12/23/2022,"1,985","1,970","1,985","1,945",9.30K,0.51%
12/26/2022,"1,985","1,990","1,990","1,960",11.10K,0.00%
12/27/2022,"1,990","1,985","1,990","1,960",5.60K,0.25%
12/28/2022,"1,990","1,990","1,990","1,950",7.50K,0.00%
12/29/2022,"1,960","1,990","1,990","1,950",35.30K,-1.51%
12/30/2022,"1,980","1,985","1,985","1,960",5.30K,1.02%
1/2/2023,"1,970","1,980","1,985","1,925",14.80K,-0.51%
1/3/2023,"1,970","1,970","1,980","1,955",8.60K,0.00%
1/4/2023,"1,940","1,970","1,975","1,935",14.10K,-1.52%
1/5/2023,"1,970","1,975","1,980","1,930",45.10K,1.55%
1/6/2023,"1,975","1,975","1,975","1,970",1.30K,0.25%
1/9/2023,"1,965","1,975","1,975","1,930",29.80K,-0.51%
1/10/2023,"1,970","1,950","1,975","1,950",2.30K,0.25%
1/11/2023,"1,965","1,970","1,970","1,950",1.20K,-0.25%
1/12/2023,"1,985","1,950","1,985","1,950",19.10K,1.02%
1/13/2023,"1,970","1,985","1,985","1,955",15.00K,-0.76%
1/16/2023,"1,955","1,965","1,980","1,950",10.00K,-0.76%
1/17/2023,"1,975","1,990","1,990","1,950",6.00K,1.02%
1/18/2023,"1,970","1,985","1,985","1,950",12.30K,-0.25%
1/19/2023,"1,990","1,990","1,990","1,950",18.10K,1.02%
1/20/2023,"1,985","1,990","1,995","1,960",23.00K,-0.25%
1/24/2023,"1,990","1,985","1,995","1,985",59.50K,0.25%
1/25/2023,"1,990","1,990","2,000","1,960",4.10K,0.00%
1/26/2023,"2,000","1,975","2,000","1,975",19.60K,0.50%
1/27/2023,"2,030","2,010","2,040","1,995",49.00K,1.50%
1/30/2023,"2,030","2,010","2,050","2,010",18.40K,0.00%
1/31/2023,"2,030","2,030","2,060","2,020",5.20K,0.00%
2/1/2023,"2,020","2,050","2,050","2,010",23.60K,-0.49%
2/2/2023,"2,000","2,030","2,050","2,000",30.50K,-0.99%
2/3/2023,"2,020","1,985","2,030","1,985",17.20K,1.00%
2/6/2023,"2,000","2,020","2,020","1,995",24.40K,-0.99%
2/7/2023,"2,000","2,020","2,020","2,000",6.90K,0.00%
2/8/2023,"2,020","2,020","2,080","2,010",13.80K,1.00%
2/9/2023,"2,020","2,020","2,020","1,995",36.70K,0.00%
2/10/2023,"2,000","2,010","2,020","2,000",23.20K,-0.99%
2/13/2023,"2,000","2,000","2,010","1,995",12.20K,0.00%
2/14/2023,"2,010","1,995","2,020","1,995",3.70K,0.50%
2/15/2023,"2,010","2,020","2,020","1,980",55.80K,0.00%
2/16/2023,"2,000","2,010","2,010","1,990",5.30K,-0.50%
2/17/2023,"1,990","2,030","2,050","1,970",33.80K,-0.50%
2/20/2023,"2,010","1,990","2,030","1,990",38.40K,1.01%
2/21/2023,"2,000","2,010","2,010","1,965",32.70K,-0.50%
2/22/2023,"1,995","2,000","2,000","1,990",2.70K,-0.25%
2/23/2023,"2,000","1,995","2,020","1,995",9.30K,0.25%
2/24/2023,"1,990","2,000","2,020","1,985",18.90K,-0.50%
2/27/2023,"2,020","1,990","2,020","1,990",9.90K,1.51%
2/28/2023,"2,000","2,020","2,060","1,980",11.20K,-0.99%
3/1/2023,"2,000","1,995","2,000","1,915",58.40K,0.00%
3/2/2023,"1,995","2,000","2,030","1,975",12.80K,-0.25%
3/3/2023,"2,030","1,995","2,070","1,975",21.50K,1.75%
3/6/2023,"1,995","2,030","2,030","1,990",19.00K,-1.72%
3/7/2023,"2,030","1,995","2,050","1,985",44.10K,1.75%
3/8/2023,"2,010","2,050","2,050","2,010",5.00K,-0.99%
3/9/2023,"2,010","2,010","2,020","1,990",9.10K,0.00%
3/10/2023,"2,010","2,010","2,010","1,955",94.40K,0.00%
3/13/2023,"1,975","2,010","2,010","1,970",39.90K,-1.74%
3/14/2023,"1,995","1,975","2,000","1,955",6.80K,1.01%
3/15/2023,"1,980","1,995","2,000","1,980",3.30K,-0.75%
3/16/2023,"1,985","1,990","1,990","1,955",3.70K,0.25%
3/17/2023,"1,995","1,985","1,995","1,960",8.60K,0.50%
3/20/2023,"1,990","1,960","1,995","1,950",2.10K,-0.25%
3/21/2023,"2,000","1,990","2,000","1,985",32.60K,0.50%
3/24/2023,"2,000","2,010","2,010","1,990",18.10K,0.00%
3/27/2023,"2,000","1,990","2,010","1,985",15.10K,0.00%
3/28/2023,"2,010","2,000","2,010","1,985",36.00K,0.50%
3/29/2023,"2,030","2,000","2,030","1,985",123.00K,1.00%
3/30/2023,"2,020","2,030","2,030","2,010",33.50K,-0.49%
3/31/2023,"2,020","2,000","2,150","2,000",22.30K,0.00%
4/3/2023,"2,010","2,020","2,080","2,010",29.80K,-0.50%
4/4/2023,"1,995","2,060","2,060","1,995",32.80K,-0.75%
4/5/2023,"2,010","2,000","2,050","2,000",7.30K,0.75%
4/6/2023,"2,010","2,010","2,050","1,995",16.90K,0.00%
4/10/2023,"2,030","1,995","2,030","1,985",42.40K,1.00%
4/11/2023,"2,040","2,040","2,040","2,000",137.50K,0.49%
4/12/2023,"2,010","2,050","2,050","2,010",6.60K,-1.47%
4/13/2023,"2,000","2,010","2,030","2,000",163.20K,-0.50%
4/14/2023,"2,000","2,000","2,010","2,000",13.00K,0.00%
4/17/2023,"2,020","2,000","2,020","1,995",9.70K,1.00%
4/18/2023,"2,010","2,030","2,030","2,000",19.60K,-0.50%
4/26/2023,"2,010","2,020","2,020","1,995",50.30K,0.00%
4/27/2023,"2,000","2,010","2,040","1,985",146.90K,-0.50%
4/28/2023,"2,010","2,000","2,010","2,000",24.50K,0.50%
5/2/2023,"2,000","2,010","2,020","2,000",40.70K,-0.50%
5/3/2023,"2,010","2,000","2,010","1,990",28.20K,0.50%
5/4/2023,"2,010","1,995","2,020","1,995",15.30K,0.00%
5/5/2023,"2,010","2,010","2,010","1,995",46.20K,0.00%
5/8/2023,"2,010","2,010","2,010","2,000",41.50K,0.00%
5/9/2023,"2,000","2,010","2,020","2,000",52.50K,-0.50%
5/10/2023,"2,000","2,010","2,010","2,000",21.40K,0.00%
5/11/2023,"2,010","2,000","2,010","1,995",17.20K,0.50%
5/12/2023,"2,010","2,010","2,010","1,995",31.20K,0.00%
5/15/2023,"2,010","2,010","2,010","1,995",25.40K,0.00%
5/16/2023,"2,000","2,000","2,010","2,000",47.30K,-0.50%
5/17/2023,"2,000","2,000","2,000","1,990",52.20K,0.00%
5/19/2023,"2,000","2,000","2,000","1,995",28.30K,0.00%
5/22/2023,"2,000","1,995","2,000","1,995",92.40K,0.00%
5/23/2023,"2,010","2,000","2,010","2,000",27.20K,0.50%
5/24/2023,"2,010","2,000","2,010","2,000",29.80K,0.00%
5/25/2023,"2,010","2,010","2,010","2,000",28.20K,0.00%
5/26/2023,"2,000","2,010","2,020","2,000",30.30K,-0.50%
5/29/2023,"1,995","2,000","2,010","1,990",67.50K,-0.25%
5/30/2023,"1,990","1,995","2,000","1,985",46.00K,-0.25%
5/31/2023,"1,990","1,990","1,995","1,985",17.50K,0.00%
6/5/2023,"1,995","1,990","2,000","1,955",51.30K,0.25%
6/6/2023,"2,000","1,995","2,040","1,995",180.80K,0.25%
6/7/2023,"2,020","2,000","2,060","1,970",312.90K,1.00%
6/8/2023,"1,930","1,985","1,985","1,920",205.80K,-4.46%
6/9/2023,"1,955","1,945","2,000","1,940",85.30K,1.30%
6/12/2023,"1,975","1,955","1,980","1,945",54.60K,1.02%
6/13/2023,"1,975","1,975","1,975","1,955",23.80K,0.00%
6/14/2023,"1,970","1,965","1,975","1,940",31.10K,-0.25%
6/15/2023,"1,970","1,970","1,975","1,960",13.30K,0.00%
6/16/2023,"1,965","1,985","1,985","1,950",70.00K,-0.25%
6/19/2023,"1,970","1,960","1,970","1,955",46.20K,0.25%
6/20/2023,"1,955","1,970","1,970","1,950",204.70K,-0.76%
6/21/2023,"1,955","1,955","1,955","1,945",156.20K,0.00%
6/22/2023,"1,940","1,990","1,990","1,940",112.10K,-0.77%
6/23/2023,"1,940","1,945","1,950","1,935",58.90K,0.00%
6/26/2023,"1,940","1,945","1,965","1,900",112.50K,0.00%
6/27/2023,"1,945","1,940","1,945","1,940",68.00K,0.26%
7/3/2023,"1,940","1,960","1,965","1,940",61.50K,-0.26%
7/4/2023,"1,950","1,940","1,970","1,940",55.00K,0.52%
7/5/2023,"1,950","1,975","1,980","1,945",98.70K,0.00%
7/6/2023,"1,970","1,950","1,980","1,950",140.90K,1.03%
7/7/2023,"1,950","1,950","1,970","1,945",535.30K,-1.02%
7/10/2023,"1,945","1,950","1,975","1,930",154.20K,-0.26%
7/11/2023,"1,945","1,945","1,970","1,930",84.20K,0.00%
7/12/2023,"1,945","1,970","1,970","1,945",46.20K,0.00%
7/13/2023,"1,945","1,945","1,950","1,940",115.00K,0.00%
7/14/2023,"1,950","1,945","1,965","1,945",58.70K,0.26%
7/17/2023,"1,950","1,950","1,960","1,945",58.20K,0.00%
7/18/2023,"1,955","1,950","1,960","1,950",62.50K,0.26%
7/20/2023,"1,945","1,955","1,955","1,945",160.20K,-0.51%
7/21/2023,"1,960","1,950","1,960","1,945",78.40K,0.77%
7/24/2023,"2,000","1,965","2,030","1,960",274.00K,2.04%
7/25/2023,"1,990","2,010","2,010","1,985",82.10K,-0.50%
7/26/2023,"1,985","2,000","2,000","1,980",56.50K,-0.25%
7/27/2023,"1,950","1,990","2,000","1,940",261.10K,-1.76%
7/28/2023,"1,930","1,940","1,960","1,915",157.20K,-1.03%
7/31/2023,"1,945","1,930","1,970","1,910",66.00K,0.78%
8/1/2023,"1,945","1,945","1,960","1,935",12.40K,0.00%
8/2/2023,"1,940","1,960","1,960","1,935",23.40K,-0.26%
8/3/2023,"1,940","1,950","1,950","1,935",25.40K,0.00%
8/4/2023,"1,940","1,950","1,950","1,935",20.10K,0.00%
8/7/2023,"1,950","1,940","1,950","1,940",18.20K,0.52%
8/8/2023,"1,950","1,950","1,950","1,940",20.20K,0.00%
8/9/2023,"1,945","1,955","1,965","1,940",16.30K,-0.26%
8/10/2023,"1,950","1,950","1,960","1,950",35.80K,0.26%
8/11/2023,"1,945","1,960","1,960","1,945",8.40K,-0.26%
8/14/2023,"1,935","1,945","1,950","1,935",48.70K,-0.51%
8/15/2023,"1,945","1,950","1,955","1,940",5.60K,0.52%
8/16/2023,"1,945","1,945","1,945","1,935",15.90K,0.00%
8/18/2023,"1,940","1,945","1,945","1,935",8.30K,-0.26%
8/21/2023,"1,940","1,940","1,945","1,930",59.50K,0.00%
8/22/2023,"1,940","1,925","1,945","1,925",31.80K,0.00%
8/23/2023,"1,940","1,940","1,940","1,930",10.60K,0.00%
8/24/2023,"1,945","1,945","1,945","1,920",42.10K,0.26%
8/25/2023,"1,935","1,945","1,950","1,930",28.90K,-0.51%
8/28/2023,"1,935","1,950","1,950","1,930",129.80K,0.00%
8/29/2023,"1,945","1,935","1,950","1,930",22.20K,0.52%
8/30/2023,"1,945","1,945","1,955","1,930",10.90K,0.00%
8/31/2023,"1,945","1,945","1,945","1,935",15.30K,0.00%
9/1/2023,"1,940","1,945","1,945","1,940",27.10K,-0.26%
9/4/2023,"1,940","1,945","1,950","1,935",8.10K,0.00%
9/5/2023,"1,945","1,940","1,945","1,935",15.90K,0.26%
9/6/2023,"1,925","1,945","1,945","1,925",38.20K,-1.03%
9/7/2023,"1,920","1,925","1,945","1,920",52.60K,-0.26%
9/8/2023,"1,920","1,920","1,945","1,920",87.90K,0.00%
9/11/2023,"1,940","1,920","1,945","1,920",16.10K,1.04%
9/12/2023,"1,940","1,940","1,940","1,930",3.30K,0.00%
9/13/2023,"1,935","1,940","1,940","1,930",14.60K,-0.26%
9/14/2023,"1,925","1,935","1,935","1,920",32.60K,-0.52%
9/15/2023,"1,920","1,925","1,930","1,910",16.40K,-0.26%
9/18/2023,"1,885","1,920","1,940","1,885",203.00K,-1.82%
9/19/2023,"1,885","1,920","1,935","1,885",81.90K,0.00%
9/20/2023,"1,900","1,885","1,930","1,885",21.60K,0.80%
9/21/2023,"1,885","1,910","1,910","1,870",64.00K,-0.79%
9/22/2023,"1,900","1,890","1,900","1,880",27.80K,0.80%
9/25/2023,"1,900","1,900","1,900","1,875",83.70K,0.00%
9/26/2023,"1,895","1,900","1,905","1,885",21.10K,-0.26%
9/27/2023,"1,860","1,900","1,900","1,860",39.00K,-1.85%
9/29/2023,"1,845","1,860","1,905","1,845",45.60K,-0.81%
10/2/2023,"1,885","1,900","1,900","1,845",104.80K,2.17%
10/3/2023,"1,870","1,895","1,895","1,845",41.50K,-0.80%
10/4/2023,"1,850","1,875","1,875","1,820",86.50K,-1.07%
10/5/2023,"1,870","1,855","1,885","1,840",6.50K,1.08%
10/6/2023,"1,860","1,870","1,870","1,840",18.90K,-0.53%
10/9/2023,"1,850","1,850","1,860","1,840",22.00K,-0.54%
10/10/2023,"1,875","1,850","1,880","1,850",17.60K,1.35%
10/11/2023,"1,850","1,880","1,880","1,850",19.40K,-1.33%
10/12/2023,"1,860","1,860","1,860","1,850",2.50K,0.54%
10/13/2023,"1,840","1,850","1,860","1,835",23.50K,-1.08%
10/16/2023,"1,840","1,840","1,860","1,835",20.60K,0.00%
10/17/2023,"1,840","1,840","1,860","1,810",32.20K,0.00%
10/18/2023,"1,845","1,850","1,855","1,810",24.50K,0.27%
10/19/2023,"1,840","1,850","1,855","1,835",13.70K,-0.27%
10/20/2023,"1,835","1,840","1,840","1,830",8.70K,-0.27%
10/23/2023,"1,820","1,830","1,840","1,820",74.90K,-0.82%
10/24/2023,"1,825","1,825","1,830","1,820",2.40K,0.27%
10/25/2023,"1,900","1,825","1,935","1,825",115.40K,4.11%
10/26/2023,"1,865","1,900","1,900","1,850",44.00K,-1.84%
10/27/2023,"1,900","1,890","1,930","1,890",53.20K,1.88%
10/30/2023,"1,865","1,900","1,900","1,865",51.10K,-1.84%
10/31/2023,"1,870","1,865","1,900","1,865",13.60K,0.27%
11/1/2023,"1,865","1,875","1,880","1,865",22.80K,-0.27%
11/2/2023,"1,860","1,865","1,865","1,860",11.70K,-0.27%
11/3/2023,"1,860","1,860","1,865","1,855",13.80K,0.00%
11/6/2023,"1,860","1,870","1,890","1,860",3.80K,0.00%
11/7/2023,"1,865","1,860","1,870","1,860",12.10K,0.27%
11/8/2023,"1,860","1,860","1,865","1,855",7.00K,-0.27%
11/9/2023,"1,860","1,890","1,890","1,860",5.90K,0.00%
11/10/2023,"1,855","1,860","1,860","1,855",8.00K,-0.27%
11/13/2023,"1,860","1,855","1,870","1,850",9.80K,0.27%
11/14/2023,"1,850","1,860","1,880","1,850",23.70K,-0.54%
11/15/2023,"1,850","1,870","1,890","1,850",77.50K,0.00%
11/16/2023,"1,865","1,860","1,865","1,860",4.40K,0.81%
11/17/2023,"1,855","1,870","1,870","1,850",5.00K,-0.54%
11/20/2023,"1,840","1,870","1,870","1,835",10.70K,-0.81%
11/21/2023,"1,850","1,840","1,850","1,840",4.50K,0.54%
11/22/2023,"1,850","1,855","1,860","1,840",11.60K,0.00%
11/23/2023,"1,870","1,860","1,880","1,850",5.70K,1.08%
11/24/2023,"1,875","1,870","1,905","1,870",18.80K,0.27%
11/27/2023,"1,880","1,875","1,890","1,870",24.10K,0.27%
11/28/2023,"1,890","1,885","1,895","1,885",6.00K,0.53%
11/29/2023,"1,890","1,890","1,895","1,885",12.40K,0.00%
11/30/2023,"1,885","1,890","1,890","1,870",7.00K,-0.26%
12/1/2023,"1,870","1,885","1,885","1,870",10.10K,-0.80%
12/4/2023,"1,860","1,870","1,870","1,855",5.80K,-0.53%
12/5/2023,"1,870","1,905","1,905","1,860",2.90K,0.54%
12/6/2023,"1,870","1,865","1,870","1,860",6.40K,0.00%
12/7/2023,"1,850","1,860","1,865","1,850",6.50K,-1.07%
12/8/2023,"1,850","1,850","1,850","1,845",6.40K,0.00%
12/11/2023,"1,845","1,850","1,855","1,845",30.00K,-0.27%
12/12/2023,"1,850","1,845","1,850","1,840",7.00K,0.27%
12/13/2023,"1,835","1,850","1,850","1,835",4.90K,-0.81%
12/14/2023,"1,835","1,835","1,835","1,830",5.80K,0.00%
12/15/2023,"1,835","1,835","1,835","1,825",2.70K,0.00%
12/18/2023,"1,840","1,825","1,845","1,825",29.50K,0.27%
12/19/2023,"1,835","1,835","1,835","1,825",58.40K,-0.27%
12/20/2023,"1,845","1,840","1,850","1,840",2.40K,0.54%
12/21/2023,"1,850","1,850","1,850","1,845",8.40K,0.27%
12/22/2023,"1,840","1,845","1,860","1,840",40.90K,-0.54%
12/27/2023,"1,845","1,850","1,850","1,840",5.60K,0.27%
12/28/2023,"1,845","1,845","1,850","1,830",34.80K,0.00%
12/29/2023,"1,845","1,845","1,850","1,830",4.20K,0.00%
1/2/2024,"1,845","1,845","1,860","1,845",28.10K,0.00%
1/3/2024,"1,870","1,855","1,870","1,855",14.40K,1.36%
1/4/2024,"1,885","1,870","1,885","1,870",31.50K,0.80%
1/5/2024,"1,885","1,890","1,890","1,880",11.40K,0.00%
1/8/2024,"1,890","1,885","1,900","1,880",17.40K,0.27%
1/9/2024,"1,895","1,890","1,905","1,890",21.80K,0.26%
1/10/2024,"1,890","1,900","1,900","1,875",5.20K,-0.26%
1/11/2024,"1,875","1,890","1,890","1,870",10.00K,-0.79%
1/12/2024,"1,880","1,895","1,895","1,865",29.00K,0.27%
1/15/2024,"1,880","1,890","1,890","1,875",30.10K,0.00%
1/16/2024,"1,890","1,885","1,900","1,885",17.80K,0.53%
1/17/2024,"1,890","1,895","1,895","1,885",23.30K,0.00%
1/18/2024,"1,890","1,890","1,900","1,875",11.70K,0.00%
1/19/2024,"1,890","1,880","1,900","1,880",12.50K,0.00%
1/22/2024,"1,890","1,890","1,890","1,880",17.20K,0.00%
1/23/2024,"1,880","1,890","1,890","1,860",12.10K,-0.53%
1/24/2024,"1,880","1,865","1,880","1,865",3.20K,0.00%
1/25/2024,"1,875","1,865","1,875","1,865",16.70K,-0.27%
1/26/2024,"1,875","1,875","1,875","1,865",5.20K,0.00%
1/29/2024,"1,870","1,865","1,880","1,865",11.40K,-0.27%
1/30/2024,"1,880","1,880","1,900","1,870",1.50K,0.53%
1/31/2024,"1,875","1,880","1,880","1,875",3.40K,-0.27%
2/1/2024,"1,880","1,900","1,900","1,875",6.80K,0.27%
2/2/2024,"1,875","1,900","1,900","1,875",2.10K,-0.27%
2/5/2024,"1,855","1,875","1,875","1,855",14.60K,-1.07%
2/6/2024,"1,860","1,855","1,865","1,855",1.10K,0.27%
2/7/2024,"1,865","1,860","1,865","1,850",20.10K,0.27%
2/12/2024,"1,860","1,855","1,865","1,845",63.70K,-0.27%
2/13/2024,"1,850","1,860","1,865","1,850",4.20K,-0.54%
2/15/2024,"1,860","1,850","1,860","1,850",19.60K,0.54%
2/16/2024,"1,855","1,850","1,880","1,850",8.60K,-0.27%
2/19/2024,"1,860","1,860","1,860","1,850",1.40K,0.27%
2/20/2024,"1,880","1,855","1,880","1,855",5.80K,1.08%
2/21/2024,"1,875","1,860","1,875","1,860",4.70K,-0.27%
2/22/2024,"1,860","1,875","1,875","1,860",7.10K,-0.80%
2/23/2024,"1,920","1,860","1,930","1,860",53.00K,3.23%
2/26/2024,"1,900","1,910","1,915","1,880",17.60K,-1.04%
2/27/2024,"1,870","1,900","1,900","1,850",67.60K,-1.58%
2/28/2024,"1,865","1,875","1,880","1,865",18.50K,-0.27%
2/29/2024,"1,875","1,865","1,890","1,865",8.00K,0.54%
3/1/2024,"1,845","1,885","1,885","1,840",31.10K,-1.60%
3/4/2024,"1,855","1,850","1,890","1,845",10.80K,0.54%
3/5/2024,"1,860","1,875","1,880","1,850",6.90K,0.27%
3/6/2024,"1,860","1,850","1,860","1,850",0.80K,0.00%
3/7/2024,"1,880","1,865","1,880","1,865",9.90K,1.08%
3/8/2024,"1,850","1,875","1,875","1,840",29.00K,-1.60%
3/13/2024,"1,860","1,880","1,880","1,850",9.80K,0.54%
3/14/2024,"1,870","1,860","1,880","1,860",8.20K,0.54%
3/15/2024,"1,870","1,865","1,870","1,860",8.70K,0.00%
3/18/2024,"1,875","1,865","1,930","1,865",47.10K,0.27%
3/19/2024,"1,875","1,875","1,890","1,870",37.70K,0.00%
3/20/2024,"1,895","1,875","1,900","1,875",65.70K,1.07%
3/21/2024,"1,890","1,875","1,895","1,865",33.60K,-0.26%
3/22/2024,"1,880","1,890","1,895","1,880",6.90K,-0.53%
3/25/2024,"1,885","1,880","1,920","1,865",16.20K,0.27%
3/26/2024,"1,885","1,890","1,890","1,880",18.40K,0.00%
3/27/2024,"1,900","1,885","1,900","1,880",60.60K,0.80%
3/28/2024,"1,890","1,900","1,910","1,885",10.70K,-0.53%
4/1/2024,"1,900","1,910","1,910","1,860",34.90K,0.53%
4/2/2024,"1,880","1,890","1,900","1,865",6.80K,-1.05%
4/3/2024,"1,900","1,880","1,900","1,870",6.10K,1.06%
4/4/2024,"1,875","1,900","1,900","1,875",12.60K,-1.32%
4/5/2024,"1,880","1,890","1,910","1,875",61.20K,0.27%
4/16/2024,"1,875","1,925","1,930","1,860",34.20K,-0.27%
4/17/2024,"1,860","1,865","1,905","1,860",8.30K,-0.80%
4/18/2024,"1,860","1,855","1,895","1,855",6.70K,0.00%
4/19/2024,"1,865","1,895","1,895","1,850",28.50K,0.27%
4/22/2024,"1,870","1,865","1,905","1,860",11.50K,0.27%
4/23/2024,"1,855","1,865","1,865","1,850",10.30K,-0.80%
4/24/2024,"1,860","1,870","1,870","1,860",1.60K,0.27%
4/25/2024,"1,860","1,860","1,890","1,835",11.80K,0.00%
4/26/2024,"1,860","1,890","1,890","1,850",26.80K,0.00%
4/29/2024,"1,860","1,855","1,890","1,835",23.70K,0.00%
4/30/2024,"1,870","1,860","1,870","1,850",6.50K,0.54%
5/2/2024,"1,875","1,870","1,890","1,870",39.50K,0.27%
5/3/2024,"1,845","1,850","1,890","1,840",17.10K,-1.60%
5/6/2024,"1,870","1,845","1,885","1,835",23.70K,1.36%
5/7/2024,"1,875","1,870","1,890","1,855",10.50K,0.27%
5/8/2024,"1,825","1,870","1,870","1,805",35.10K,-2.67%
5/13/2024,"1,835","1,830","1,875","1,830",9.20K,0.55%
5/14/2024,"1,840","1,835","1,855","1,835",1.80K,0.27%
5/15/2024,"1,855","1,860","1,860","1,845",4.80K,0.82%
5/16/2024,"1,860","1,865","1,865","1,845",5.30K,0.27%
5/17/2024,"1,860","1,850","1,860","1,850",5.10K,0.00%
5/20/2024,"1,850","1,865","1,865","1,850",6.80K,-0.54%
5/21/2024,"1,840","1,870","1,870","1,840",16.60K,-0.54%
5/22/2024,"1,860","1,840","1,870","1,840",9.40K,1.09%
5/27/2024,"1,870","1,860","1,875","1,855",8.50K,0.54%
5/28/2024,"1,870","1,870","1,875","1,870",4.10K,0.00%
5/29/2024,"1,870","1,875","1,880","1,860",23.10K,0.00%
5/30/2024,"1,880","1,890","1,890","1,860",3.10K,0.53%
5/31/2024,"1,880","1,870","1,880","1,850",31.10K,0.00%
6/3/2024,"1,895","1,880","1,895","1,835",20.50K,0.80%
6/4/2024,"1,875","1,895","1,895","1,850",8.90K,-1.06%
6/5/2024,"1,875","1,890","1,895","1,875",8.90K,0.00%
6/6/2024,"1,865","1,890","1,890","1,865",6.70K,-0.53%
6/7/2024,"1,860","1,865","1,870","1,860",3.50K,-0.27%
6/10/2024,"1,860","1,865","1,865","1,800",91.80K,0.00%
6/11/2024,"1,865","1,870","1,870","1,850",7.20K,0.27%
6/12/2024,"1,865","1,865","1,870","1,815",7.10K,0.00%
6/13/2024,"1,840","1,870","1,870","1,815",3.40K,-1.34%
6/14/2024,"1,865","1,840","1,865","1,830",7.60K,1.36%
6/19/2024,"1,835","1,865","1,865","1,835",8.10K,-1.61%
6/20/2024,"1,900","1,835","1,900","1,835",43.10K,3.54%
6/21/2024,"1,880","1,835","1,895","1,835",5.70K,-1.05%
6/24/2024,"1,875","1,880","1,880","1,850",7.10K,-0.27%
6/25/2024,"1,880","1,880","1,880","1,860",3.50K,0.27%
6/26/2024,"1,880","1,870","1,880","1,860",8.50K,0.00%
6/27/2024,"1,880","1,880","1,880","1,860",7.00K,0.00%
6/28/2024,"1,870","1,870","1,875","1,845",215.70K,-0.53%
7/1/2024,"1,910","1,875","1,915","1,860",235.10K,2.14%
7/2/2024,"1,895","1,910","1,915","1,860",228.30K,-0.79%
7/3/2024,"1,895","1,895","1,900","1,875",215.20K,0.00%
7/4/2024,"1,920","1,900","1,950","1,850",669.20K,1.32%
7/5/2024,"1,835","1,830","1,865","1,800",416.60K,-4.43%
7/8/2024,"1,830","1,835","1,835","1,810",77.30K,-0.27%
7/9/2024,"1,825","1,830","1,830","1,815",78.20K,-0.27%
7/10/2024,"1,825","1,825","1,830","1,820",34.60K,0.00%
7/11/2024,"1,825","1,830","1,835","1,810",87.10K,0.00%
7/12/2024,"1,825","1,880","1,900","1,820",19.20K,0.00%
7/15/2024,"1,835","1,825","1,835","1,820",48.90K,0.55%
7/16/2024,"1,835","1,830","1,835","1,825",36.40K,0.00%
7/17/2024,"1,830","1,825","1,835","1,820",44.40K,-0.27%
7/18/2024,"1,830","1,830","1,835","1,825",107.20K,0.00%
7/19/2024,"1,825","1,830","1,835","1,820",75.20K,-0.27%
7/22/2024,"1,830","1,840","1,840","1,825",33.10K,0.27%
7/23/2024,"1,835","1,830","1,845","1,825",154.40K,0.27%
7/24/2024,"1,840","1,835","1,845","1,835",24.30K,0.27%
7/25/2024,"2,150","1,885","2,250","1,885",2.80M,16.85%
7/26/2024,"2,080","2,150","2,180","2,000",836.80K,-3.26%
7/29/2024,"2,100","2,080","2,150","2,050",571.60K,0.96%
7/30/2024,"2,090","2,090","2,130","2,060",975.20K,-0.48%
7/31/2024,"2,120","2,090","2,120","2,070",185.40K,1.44%
8/1/2024,"2,040","2,120","2,120","2,000",1.15M,-3.77%
8/2/2024,"2,070","2,050","2,080","2,030",197.70K,1.47%
8/5/2024,"2,060","2,070","2,070","1,985",262.20K,-0.48%
8/6/2024,"1,980","2,050","2,060","1,965",575.70K,-3.88%
8/7/2024,"2,010","1,980","2,020","1,980",107.10K,1.52%
8/8/2024,"2,050","2,010","2,050","1,995",252.20K,1.99%
8/9/2024,"2,030","2,050","2,070","2,030",108.20K,-0.98%
8/12/2024,"2,040","2,030","2,060","2,030",53.20K,0.49%
8/13/2024,"2,040","2,040","2,050","1,995",97.60K,0.00%
8/14/2024,"2,050","2,040","2,060","2,030",49.00K,0.49%
8/15/2024,"2,060","2,050","2,060","2,030",52.50K,0.49%
8/16/2024,"2,070","2,060","2,110","2,060",53.20K,0.49%
8/19/2024,"2,050","2,070","2,080","2,040",100.70K,-0.97%
8/20/2024,"2,100","2,060","2,100","2,040",52.90K,2.44%
8/21/2024,"2,060","2,100","2,100","2,040",82.80K,-1.90%
8/22/2024,"2,050","2,060","2,080","2,050",63.50K,-0.49%
8/23/2024,"2,060","2,040","2,070","2,040",14.80K,0.49%
8/26/2024,"2,050","2,070","2,080","2,030",73.60K,-0.49%
8/27/2024,"2,050","2,050","2,060","2,040",13.30K,0.00%
8/28/2024,"2,060","2,050","2,070","2,000",236.50K,0.49%
8/29/2024,"2,030","2,060","2,130","2,020",89.50K,-1.46%
8/30/2024,"2,030","2,050","2,080","2,000",94.30K,0.00%
9/2/2024,"2,030","2,050","2,100","2,030",89.10K,0.00%
9/3/2024,"2,040","2,060","2,060","2,020",30.20K,0.49%
9/4/2024,"2,040","2,040","2,050","2,020",30.30K,0.00%
9/5/2024,"2,040","2,030","2,070","2,030",70.90K,0.00%
9/6/2024,"2,050","2,050","2,080","2,030",154.20K,0.49%
9/9/2024,"2,040","2,060","2,070","2,040",91.30K,-0.49%
9/10/2024,"2,060","2,050","2,070","2,040",127.80K,0.98%
9/11/2024,"2,050","2,060","2,060","2,050",15.10K,-0.49%
9/12/2024,"2,070","2,060","2,090","2,040",89.20K,0.98%
9/13/2024,"2,070","2,070","2,080","2,040",15.50K,0.00%
9/17/2024,"2,060","2,040","2,080","2,040",41.20K,-0.48%
9/18/2024,"2,070","2,050","2,090","2,050",70.60K,0.49%
9/19/2024,"2,090","2,070","2,110","2,070",34.20K,0.97%
9/20/2024,"2,100","2,090","2,110","2,070",65.60K,0.48%
9/23/2024,"2,110","2,100","2,150","2,050",114.60K,0.48%
9/24/2024,"2,100","2,110","2,110","2,070",26.20K,-0.47%
9/25/2024,"2,070","2,100","2,100","2,040",76.00K,-1.43%
9/26/2024,"2,080","2,070","2,090","2,050",11.10K,0.48%
9/27/2024,"2,090","2,080","2,090","2,060",56.00K,0.48%
9/30/2024,"2,090","2,100","2,100","2,070",40.40K,0.00%
10/1/2024,"2,090","2,090","2,090","2,070",17.40K,0.00%
10/2/2024,"2,070","2,090","2,090","2,060",64.40K,-0.96%
10/3/2024,"2,070","2,090","2,090","2,070",4.00K,0.00%
10/4/2024,"2,090","2,060","2,090","2,050",39.80K,0.97%
10/7/2024,"2,070","2,090","2,090","2,060",1.10K,-0.96%
10/8/2024,"2,090","2,070","2,090","2,060",6.80K,0.97%
10/9/2024,"2,090","2,090","2,090","2,070",41.40K,0.00%
10/10/2024,"2,060","2,090","2,090","2,060",7.40K,-1.44%
10/11/2024,"2,080","2,060","2,090","2,040",5.20K,0.97%
10/14/2024,"2,100","2,080","2,100","2,070",23.40K,0.96%
10/15/2024,"2,080","2,100","2,100","2,080",32.50K,-0.95%
10/16/2024,"2,100","2,090","2,100","2,080",7.40K,0.96%
10/17/2024,"2,160","2,100","2,230","2,080",385.50K,2.86%
10/18/2024,"2,160","2,160","2,170","2,130",27.20K,0.00%
10/21/2024,"2,110","2,160","2,160","2,110",79.40K,-2.31%
10/22/2024,"2,170","2,110","2,200","2,100",31.00K,2.84%
10/23/2024,"2,160","2,170","2,190","2,110",29.30K,-0.46%
10/24/2024,"2,210","2,160","2,260","2,160",563.70K,2.31%
10/25/2024,"2,230","2,220","2,250","2,180",187.10K,0.90%
10/28/2024,"2,190","2,230","2,250","2,180",33.90K,-1.79%
10/29/2024,"2,200","2,190","2,220","2,170",98.20K,0.46%
10/30/2024,"2,180","2,220","2,230","2,180",35.30K,-0.91%
10/31/2024,"2,180","2,180","2,250","2,180",22.20K,0.00%
11/1/2024,"2,190","2,180","2,230","2,110",68.10K,0.46%
11/4/2024,"2,190","2,200","2,240","2,190",51.80K,0.00%
11/5/2024,"2,190","2,190","2,200","2,130",22.20K,0.00%
11/6/2024,"2,170","2,190","2,190","2,170",13.90K,-0.91%
11/7/2024,"2,130","2,130","2,160","2,100",40.90K,-1.84%
11/8/2024,"2,140","2,140","2,160","2,140",10.00K,0.47%
11/11/2024,"2,090","2,130","2,130","2,050",47.50K,-2.34%
11/12/2024,"2,150","2,080","2,180","2,080",22.70K,2.87%
11/13/2024,"2,140","2,170","2,190","2,080",63.40K,-0.47%
11/14/2024,"2,070","2,100","2,100","2,040",55.10K,-3.27%
11/15/2024,"2,050","2,070","2,100","2,050",20.90K,-0.97%
11/18/2024,"2,050","2,070","2,100","2,030",16.20K,0.00%
11/19/2024,"2,080","2,050","2,080","2,040",29.70K,1.46%
11/20/2024,"2,060","2,060","2,060","2,050",20.40K,-0.96%
11/21/2024,"2,040","2,070","2,070","1,960",54.30K,-0.97%
11/22/2024,"2,040","2,000","2,040","2,000",11.40K,0.00%
11/25/2024,"2,040","2,040","2,040","2,000",70.80K,0.00%
11/26/2024,"2,030","2,030","2,040","2,020",20.80K,-0.49%
11/28/2024,"2,050","2,030","2,060","2,030",4.90K,0.99%
11/29/2024,"2,050","2,050","2,050","2,020",22.00K,0.00%
12/2/2024,"2,010","2,050","2,050","2,010",25.90K,-1.95%
12/3/2024,"2,070","2,010","2,070","2,010",43.10K,2.99%
12/4/2024,"2,050","2,040","2,050","2,030",12.90K,-0.97%
12/5/2024,"2,030","2,050","2,050","2,030",16.60K,-0.98%
12/6/2024,"2,040","2,030","2,080","2,030",25.00K,0.49%
12/9/2024,"2,040","2,040","2,040","2,030",16.70K,0.00%
12/10/2024,"2,030","2,040","2,050","2,030",41.20K,-0.49%
12/11/2024,"2,040","2,030","2,050","2,030",74.60K,0.49%
12/12/2024,"2,040","2,040","2,050","2,040",7.50K,0.00%
12/13/2024,"2,070","2,040","2,170","2,020",125.60K,1.47%
12/16/2024,"2,030","2,070","2,070","2,020",9.10K,-1.93%
12/17/2024,"2,050","2,030","2,100","2,020",108.50K,0.99%
12/18/2024,"2,050","2,050","2,050","2,030",9.00K,0.00%
12/19/2024,"2,000","2,050","2,050","1,985",15.60K,-2.44%
12/20/2024,"2,010","2,020","2,020","2,010",3.90K,0.50%
12/23/2024,"2,050","2,010","2,120","2,000",23.30K,1.99%
12/24/2024,"2,050","2,100","2,100","2,050",25.40K,0.00%
12/27/2024,"2,070","2,050","2,090","2,040",84.20K,0.98%
12/30/2024,"2,080","2,070","2,090","2,060",68.20K,0.48%
